{"step/speaker/silence": 0.6724801539040742, "step/follower/move": 0.6289088244027053, "step/follower/wait": 0.059027414731878725, "step/speaker/decline": 0.09289643375542848, "step/speaker/reference": 0.10959723849362132, "step/speaker/reference/SCP": 0.054812477973476284, "step/speaker/directive": 0.11657592794764977, "step/speaker/take": 0.05687632854384671, "step/speaker/move": 0.05969959940380298, "step/speaker/reference/CSP": 0.04912835743276955, "step/follower/take": 0.09035623899280829, "step/speaker/reference/PSC": 0.0030416862049515107, "step/speaker/reference/PCS": 0.0026147168824239655, "step/speaker/confirm": 0.00845024589922549, "episode/outcome/abort": 0.044897959183673466, "episode/step/count": 8.277551020408163, "episode/outcome/success": 0.3877551020408163, "episode/outcome/failure": 0.5673469387755102, "episode/reward/time": 0.7516734693877536, "episode/effort/speaker_abs": 8.493877551020407, "episode/effort/speaker_rel": 1.228132550339997, "episode/reward/speaker": 0.7451836734693861, "episode/effort/follower_abs": 14.812244897959184, "episode/effort/follower_rel": 1.5288863657838356, "episode/reward/follower": 0.555632653061224, "episode/effort/mean_joint_abs": 11.653061224489797, "episode/effort/mean_joint_rel": 1.3785094580619166, "episode/reward/joint": 0.6504081632653065, "episode/reward/goal": -0.061224489795918366, "episode/reward/final": 0.6398163265306126}
