{"step/speaker/silence": 0.6706675915667311, "step/follower/move": 0.6650561513305113, "step/follower/take": 0.15985859048905596, "step/speaker/directive": 0.1317570452604821, "step/speaker/move": 0.11525348055013812, "step/speaker/reference": 0.09753164133375776, "step/speaker/reference/PSC": 0.023706426035627698, "step/speaker/reference/PCS": 0.0255810714438171, "step/speaker/decline": 0.08430718067945847, "step/follower/wait": 0.033520706099890905, "step/speaker/reference/SCP": 0.023330604079211996, "step/speaker/take": 0.01650356471034391, "step/speaker/confirm": 0.015736541159570246, "step/speaker/reference/CSP": 0.024913539775100985, "episode/outcome/abort": 0.1346938775510204, "episode/step/count": 21.228571428571428, "episode/outcome/success": 0.2163265306122449, "episode/outcome/failure": 0.6489795918367347, "episode/reward/time": 0.6815714285714277, "episode/effort/speaker_abs": 18.036734693877552, "episode/effort/speaker_rel": 1.0115865022962804, "episode/reward/speaker": 0.729448979591837, "episode/effort/follower_abs": 44.68571428571428, "episode/effort/follower_rel": 1.8096880741281907, "episode/reward/follower": 0.3297142857142857, "episode/effort/mean_joint_abs": 31.36122448979592, "episode/effort/mean_joint_rel": 1.4106372882122344, "episode/reward/joint": 0.5295816326530615, "episode/reward/goal": -0.4816326530612245, "episode/reward/final": 0.12394387755102032}
