{"step/speaker/silence": 0.669690634370653, "step/follower/move": 0.6916460669008461, "step/speaker/reference": 0.0957525996575292, "step/speaker/reference/PCS": 0.03149219820363882, "step/speaker/directive": 0.15514341669969567, "step/speaker/move": 0.14886679195234076, "step/follower/take": 0.18375707974403171, "step/speaker/reference/CSP": 0.014423651966970222, "step/speaker/reference/SCP": 0.01618029687407942, "step/speaker/decline": 0.06873446247063912, "step/speaker/confirm": 0.010678886801482424, "step/speaker/reference/PSC": 0.033656452612840754, "step/follower/wait": 0.03088953645857494, "step/speaker/take": 0.006276624747354891, "episode/outcome/abort": 0.2163265306122449, "episode/step/count": 33.88979591836735, "episode/outcome/success": 0.12653061224489795, "episode/outcome/failure": 0.6571428571428571, "episode/reward/time": 0.6187397959183669, "episode/effort/speaker_abs": 27.751020408163264, "episode/effort/speaker_rel": 0.9126101342848616, "episode/reward/speaker": 0.6878010204081634, "episode/effort/follower_abs": 73.65306122448979, "episode/effort/follower_rel": 1.9345633730337868, "episode/reward/follower": 0.1714030612244897, "episode/effort/mean_joint_abs": 50.70204081632653, "episode/effort/mean_joint_rel": 1.423586753659325, "episode/reward/joint": 0.42960204081632647, "episode/reward/goal": -0.6571428571428571, "episode/reward/final": -0.13297193877551022}
