{"step/speaker/silence": 0.2503191170985008, "step/follower/move": 0.8840189694811564, "step/speaker/directive": 0.5619926579264456, "step/speaker/take": 0.10524319449067747, "step/speaker/move": 0.456749463435768, "step/speaker/reference": 0.1213435334544199, "step/speaker/reference/PSC": 0.027326357536543704, "step/speaker/reference/SPC": 0.0009543817527010804, "step/speaker/reference/SCP": 0.05888106810703968, "step/speaker/confirm": 0.06634469152063383, "step/follower/wait": 0.02614939451772112, "step/speaker/reference/CPS": 0.01622269527662502, "step/speaker/reference/PCS": 0.012528788072005359, "step/follower/take": 0.016248724955160162, "step/speaker/reference/CSP": 0.005430242709505078, "episode/outcome/abort": 0.053061224489795916, "episode/step/count": 22.791836734693877, "episode/outcome/success": 0.9224489795918367, "episode/outcome/failure": 0.024489795918367346, "episode/reward/time": 0.743591836734693, "episode/effort/speaker_abs": 34.0, "episode/effort/speaker_rel": 1.559477643343206, "episode/reward/speaker": 0.6175, "episode/effort/follower_abs": 41.99183673469388, "episode/effort/follower_rel": 1.816784113827794, "episode/reward/follower": 0.527591836734694, "episode/effort/mean_joint_abs": 37.99591836734694, "episode/effort/mean_joint_rel": 1.6881308785854994, "episode/reward/joint": 0.5725459183673468, "episode/reward/goal": 0.8571428571428571, "episode/reward/final": 1.5152117346938776}
