{"step/speaker/silence": 0.24551722285412628, "step/follower/move": 0.8779467934413009, "step/speaker/directive": 0.5919955331178418, "step/speaker/take": 0.15763289261447702, "step/speaker/move": 0.43436264050336526, "step/speaker/confirm": 0.05190134603855666, "step/speaker/reference": 0.11058589798947503, "step/speaker/reference/PSC": 0.020229656355257624, "step/speaker/reference/CPS": 0.013892099303600384, "step/speaker/reference/CSP": 0.0018495608945919503, "step/speaker/reference/SCP": 0.05809971427668967, "step/follower/wait": 0.018653923240781932, "step/follower/take": 0.003650091405193446, "step/speaker/reference/PCS": 0.01549934133177957, "step/speaker/reference/SPC": 0.0010155258275559027, "episode/outcome/abort": 0.0163265306122449, "episode/step/count": 14.83673469387755, "episode/outcome/success": 0.9836734693877551, "episode/outcome/failure": 0.0, "episode/reward/time": 0.777448979591837, "episode/effort/speaker_abs": 22.79591836734694, "episode/effort/speaker_rel": 1.5459959762986317, "episode/reward/speaker": 0.6580612244897952, "episode/effort/follower_abs": 26.63673469387755, "episode/effort/follower_rel": 1.7668438610981823, "episode/reward/follower": 0.6004489795918365, "episode/effort/mean_joint_abs": 24.716326530612246, "episode/effort/mean_joint_rel": 1.6564199186984068, "episode/reward/joint": 0.6292551020408164, "episode/reward/goal": 0.9673469387755103, "episode/reward/final": 1.670698979591837}
