{"step/speaker/silence": 0.19449017279384206, "step/follower/move": 0.7530603623111065, "step/speaker/directive": 0.5867799656021906, "step/speaker/move": 0.2992777406029664, "step/speaker/take": 0.28750222499922384, "step/speaker/confirm": 0.13396973577541452, "step/follower/wait": 0.016627590096977854, "step/speaker/reference": 0.08476012582855318, "step/speaker/reference/CPS": 0.009516141454916966, "step/speaker/reference/PCS": 0.020756443103381882, "step/speaker/reference/PSC": 0.010236271664843095, "step/follower/take": 0.009399372136466973, "step/speaker/reference/SCP": 0.04234164861415762, "step/speaker/reference/SPC": 0.0013994169096209913, "step/speaker/reference/CSP": 0.0005102040816326531, "episode/outcome/abort": 0.02040816326530612, "episode/step/count": 6.653061224489796, "episode/outcome/success": 0.9714285714285714, "episode/outcome/failure": 0.00816326530612245, "episode/reward/time": 0.8004081632653037, "episode/effort/speaker_abs": 9.86530612244898, "episode/effort/speaker_rel": 1.5385513091567697, "episode/reward/speaker": 0.7040408163265293, "episode/effort/follower_abs": 11.012244897959183, "episode/effort/follower_rel": 1.534318841031614, "episode/reward/follower": 0.6696326530612233, "episode/effort/mean_joint_abs": 10.438775510204081, "episode/effort/mean_joint_rel": 1.536435075094191, "episode/reward/joint": 0.6868367346938771, "episode/reward/goal": 0.9428571428571428, "episode/reward/final": 1.6864795918367355}
