{"step/speaker/silence": 0.7504544010175409, "step/follower/move": 0.5831013262274206, "step/follower/take": 0.27209275223468066, "step/speaker/reference": 0.08292900256216887, "step/speaker/reference/PCS": 0.027345732384647447, "step/speaker/directive": 0.12529950435517426, "step/speaker/move": 0.1218606692837079, "step/follower/wait": 0.06732906350039652, "step/speaker/reference/PSC": 0.030298048539393104, "step/speaker/decline": 0.03922442353442974, "step/speaker/confirm": 0.0020926685306858427, "step/speaker/reference/SCP": 0.010414694979177328, "step/speaker/reference/CSP": 0.014870526658951038, "step/speaker/take": 0.0034388350714663453, "episode/outcome/abort": 0.24897959183673468, "episode/step/count": 38.61224489795919, "episode/outcome/success": 0.11020408163265306, "episode/outcome/failure": 0.6408163265306123, "episode/reward/time": 0.5656122448979582, "episode/effort/speaker_abs": 24.97142857142857, "episode/effort/speaker_rel": 0.7563514555579398, "episode/reward/speaker": 0.7190714285714286, "episode/effort/follower_abs": 84.77551020408163, "episode/effort/follower_rel": 1.9824809091588835, "episode/reward/follower": 0.046275510204081535, "episode/effort/mean_joint_abs": 54.8734693877551, "episode/effort/mean_joint_rel": 1.3694161823584112, "episode/reward/joint": 0.3826734693877548, "episode/reward/goal": -0.689795918367347, "episode/reward/final": -0.21565306122448974}
