{"step/speaker/silence": 0.7509836809435272, "step/follower/move": 0.7297994972329536, "step/speaker/reference": 0.09372394789095945, "step/speaker/reference/CSP": 0.04770176204646541, "step/speaker/directive": 0.07617443625629654, "step/speaker/take": 0.04177934711496412, "step/follower/take": 0.059800241016865575, "step/speaker/move": 0.034395089141332456, "step/speaker/confirm": 0.0030287286409735386, "step/speaker/reference/SCP": 0.04279003348672593, "step/speaker/decline": 0.07608920626824334, "step/follower/wait": 0.0217567367066477, "step/speaker/reference/PCS": 0.002551880248924584, "step/speaker/reference/PSC": 0.0006802721088435374, "episode/outcome/abort": 0.0326530612244898, "episode/step/count": 8.448979591836734, "episode/outcome/success": 0.39183673469387753, "episode/outcome/failure": 0.5755102040816327, "episode/reward/time": 0.7465306122448966, "episode/effort/speaker_abs": 7.248979591836735, "episode/effort/speaker_rel": 1.0215173405359477, "episode/reward/speaker": 0.7825306122448957, "episode/effort/follower_abs": 15.130612244897959, "episode/effort/follower_rel": 1.638999717516504, "episode/reward/follower": 0.546081632653061, "episode/effort/mean_joint_abs": 11.189795918367347, "episode/effort/mean_joint_rel": 1.3302585290262257, "episode/reward/joint": 0.6643061224489795, "episode/reward/goal": -0.0163265306122449, "episode/reward/final": 0.689091836734694}
