{"step/speaker/silence": 0.7511136193132579, "step/follower/move": 0.7045718110402288, "step/speaker/decline": 0.04751073940559562, "step/speaker/directive": 0.1138649175539723, "step/speaker/move": 0.09769680196651956, "step/follower/take": 0.13057741993724553, "step/follower/wait": 0.04887526927302268, "step/speaker/reference": 0.08214324796195238, "step/speaker/reference/SCP": 0.02507930468698972, "step/speaker/reference/PSC": 0.017418473220734764, "step/speaker/reference/CSP": 0.020548776900100433, "step/speaker/take": 0.016168115587452753, "step/speaker/reference/PCS": 0.01909669315412746, "step/speaker/confirm": 0.005367475765221172, "episode/outcome/abort": 0.09795918367346938, "episode/step/count": 20.681632653061225, "episode/outcome/success": 0.21224489795918366, "episode/outcome/failure": 0.689795918367347, "episode/reward/time": 0.689775510204081, "episode/effort/speaker_abs": 14.43265306122449, "episode/effort/speaker_rel": 0.8431500020587254, "episode/reward/speaker": 0.783510204081632, "episode/effort/follower_abs": 40.96326530612245, "episode/effort/follower_rel": 1.8008758818921962, "episode/reward/follower": 0.38555102040816364, "episode/effort/mean_joint_abs": 27.69795918367347, "episode/effort/mean_joint_rel": 1.3220129419754598, "episode/reward/joint": 0.5845306122448979, "episode/reward/goal": -0.4489795918367347, "episode/reward/final": 0.18817346938775498}
