{"step/speaker/directive": 0.6340415342401712, "step/speaker/move": 0.5422794141869078, "step/follower/move": 0.7534192679112559, "step/speaker/reference": 0.04470708648200405, "step/speaker/reference/PSC": 0.011924266127755148, "step/speaker/silence": 0.14914764401082412, "step/speaker/take": 0.09176212005326372, "step/speaker/decline": 0.010133743807213194, "step/speaker/confirm": 0.16196999145978735, "step/speaker/reference/PCS": 0.01622691141058488, "step/follower/wait": 0.03438707312498935, "step/speaker/reference/SPC": 0.007829755278734871, "step/speaker/reference/SCP": 0.004007833436404865, "step/speaker/reference/CPS": 0.00471832022852431, "step/follower/take": 0.0008017492711370262, "episode/outcome/abort": 0.04897959183673469, "episode/step/count": 7.951020408163266, "episode/outcome/success": 0.9510204081632653, "episode/outcome/failure": 0.0, "episode/reward/time": 0.7614693877551, "episode/effort/speaker_abs": 11.718367346938775, "episode/effort/speaker_rel": 1.3818986731669425, "episode/reward/speaker": 0.6484489795918357, "episode/effort/follower_abs": 12.522448979591836, "episode/effort/follower_rel": 1.509243783635923, "episode/reward/follower": 0.6243265306122441, "episode/effort/mean_joint_abs": 12.120408163265306, "episode/effort/mean_joint_rel": 1.4455712284014324, "episode/reward/joint": 0.6363877551020412, "episode/reward/goal": 0.9020408163265307, "episode/reward/final": 1.6009693877551017}
