{"step/speaker/directive": 0.4163023732159441, "step/speaker/take": 0.06759081098054741, "step/follower/move": 0.8848746305699369, "step/speaker/move": 0.3487115622353967, "step/speaker/silence": 0.1812635406669313, "step/speaker/reference": 0.12820279028126455, "step/speaker/reference/PSC": 0.03937416935465507, "step/speaker/reference/SCP": 0.008317106919684642, "step/speaker/confirm": 0.25943240603535545, "step/speaker/reference/CPS": 0.022106671474388235, "step/speaker/decline": 0.014798889800505137, "step/speaker/reference/SPC": 0.03531471555085736, "step/speaker/reference/PCS": 0.0184694770764124, "step/follower/wait": 0.06554789285296178, "step/speaker/reference/CSP": 0.004620649905266848, "step/follower/take": 5.102040816326531e-05, "episode/outcome/abort": 0.37142857142857144, "episode/step/count": 43.6530612244898, "episode/outcome/success": 0.6244897959183674, "episode/outcome/failure": 0.004081632653061225, "episode/reward/time": 0.5089030612244896, "episode/effort/speaker_abs": 68.7265306122449, "episode/effort/speaker_rel": 1.4674065432643477, "episode/reward/speaker": 0.22682653061224486, "episode/effort/follower_abs": 77.77551020408163, "episode/effort/follower_rel": 1.7699023223643635, "episode/reward/follower": 0.12502551020408162, "episode/effort/mean_joint_abs": 73.25102040816327, "episode/effort/mean_joint_rel": 1.6186544328143564, "episode/reward/joint": 0.17592602040816316, "episode/reward/goal": 0.24897959183673468, "episode/reward/final": 0.5913941326530611}
