{"step/speaker/directive": 0.4574082449650087, "step/speaker/move": 0.36502520422405366, "step/follower/move": 0.8736574595550667, "step/speaker/reference": 0.09175064197547357, "step/speaker/reference/CPS": 0.00953516506354193, "step/speaker/take": 0.09238304074095488, "step/speaker/silence": 0.21891208896436176, "step/speaker/confirm": 0.22510039096503698, "step/speaker/reference/PSC": 0.02697078438930395, "step/speaker/reference/SPC": 0.021003253776363532, "step/speaker/reference/PCS": 0.021217447110620246, "step/speaker/reference/SCP": 0.009768075415173454, "step/speaker/decline": 0.0068286331301192415, "step/speaker/reference/CSP": 0.003255916220470463, "step/follower/wait": 0.040317035996079574, "step/follower/take": 0.0004535147392290249, "episode/outcome/abort": 0.17142857142857143, "episode/step/count": 22.930612244897958, "episode/outcome/success": 0.8285714285714286, "episode/outcome/failure": 0.0, "episode/reward/time": 0.6560408163265301, "episode/effort/speaker_abs": 33.30612244897959, "episode/effort/speaker_rel": 1.3572080731775154, "episode/reward/speaker": 0.5004081632653057, "episode/effort/follower_abs": 40.53061224489796, "episode/effort/follower_rel": 1.7486754633278203, "episode/reward/follower": 0.3920408163265303, "episode/effort/mean_joint_abs": 36.91836734693877, "episode/effort/mean_joint_rel": 1.552941768252669, "episode/reward/joint": 0.44622448979591817, "episode/reward/goal": 0.6571428571428571, "episode/reward/final": 1.208275510204082}
