{"step/speaker/silence": 0.5005914130439848, "step/follower/move": 0.8242916278185586, "step/speaker/confirm": 0.20657195087867591, "step/speaker/decline": 0.03961991430625294, "step/follower/wait": 0.0947500268095769, "step/speaker/reference": 0.11847788926939969, "step/speaker/reference/PCS": 0.025566682251214865, "step/speaker/reference/CSP": 0.028857216419895228, "step/speaker/directive": 0.13473883250168645, "step/speaker/move": 0.09607480590954663, "step/speaker/take": 0.03866402659213981, "step/speaker/reference/PSC": 0.022569049541711902, "step/speaker/reference/SCP": 0.041484941056577684, "episode/outcome/abort": 0.0, "episode/step/count": 17.10952380952381, "episode/outcome/success": 0.9952380952380953, "episode/outcome/failure": 0.004761904761904762, "episode/reward/time": 0.807517857142857, "episode/effort/speaker_abs": 17.557142857142857, "episode/effort/speaker_rel": 1.0942809666028812, "episode/reward/speaker": 0.8024821428571426, "episode/effort/follower_abs": 28.714285714285715, "episode/effort/follower_rel": 1.6485832556371172, "episode/reward/follower": 0.6769642857142858, "episode/effort/mean_joint_abs": 23.135714285714286, "episode/effort/mean_joint_rel": 1.3714321111199985, "episode/reward/joint": 0.7397232142857144, "episode/reward/goal": 0.9952380952380953, "episode/reward/final": 1.7688586309523795}
