{"step/speaker/confirm": 0.6825173250148199, "step/follower/move": 0.7612884201860632, "step/speaker/reference": 0.0670829668578012, "step/speaker/reference/PCS": 0.006907392935128972, "step/follower/wait": 0.1377866281796962, "step/speaker/directive": 0.17082162349368385, "step/speaker/move": 0.06989667185944322, "step/speaker/take": 0.10092495163424041, "step/speaker/decline": 0.07957808463369535, "step/speaker/reference/SCP": 0.028749159185845512, "step/speaker/reference/PSC": 0.007009508194538729, "step/speaker/reference/CSP": 0.024416906542288036, "episode/outcome/abort": 0.0, "episode/step/count": 13.024489795918367, "episode/outcome/success": 1.0, "episode/outcome/failure": 0.0, "episode/reward/time": 0.804632653061224, "episode/effort/speaker_abs": 18.024489795918367, "episode/effort/speaker_rel": 1.4059125088435258, "episode/reward/speaker": 0.7296326530612246, "episode/effort/follower_abs": 19.942857142857143, "episode/effort/follower_rel": 1.5225768403721265, "episode/reward/follower": 0.7008571428571421, "episode/effort/mean_joint_abs": 18.983673469387757, "episode/effort/mean_joint_rel": 1.4642446746078277, "episode/reward/joint": 0.7152448979591839, "episode/reward/goal": 1.0, "episode/reward/final": 1.7599387755102043}
