{"step/speaker/silence": 0.5000892078443099, "step/follower/move": 0.7186434993577852, "step/speaker/confirm": 0.1282704483724892, "step/speaker/decline": 0.06557637373963901, "step/follower/wait": 0.09585151809641607, "step/speaker/reference": 0.15150141241977985, "step/speaker/reference/CSP": 0.06955183138856606, "step/speaker/directive": 0.15456255762378215, "step/speaker/take": 0.11129701364395247, "step/speaker/move": 0.043265543979829665, "step/speaker/reference/SCP": 0.07704701194497111, "step/speaker/reference/PSC": 0.004248461289277616, "step/speaker/reference/PCS": 0.0006541077969649398, "episode/outcome/abort": 0.0, "episode/step/count": 6.951020408163266, "episode/outcome/success": 1.0, "episode/outcome/failure": 0.0, "episode/reward/time": 0.7914693877550998, "episode/effort/speaker_abs": 9.453061224489796, "episode/effort/speaker_rel": 1.4923364050915064, "episode/reward/speaker": 0.7164081632653053, "episode/effort/follower_abs": 10.30204081632653, "episode/effort/follower_rel": 1.4372869987155703, "episode/reward/follower": 0.6909387755102026, "episode/effort/mean_joint_abs": 9.877551020408163, "episode/effort/mean_joint_rel": 1.4648117019035398, "episode/reward/joint": 0.7036734693877561, "episode/reward/goal": 1.0, "episode/reward/final": 1.7475714285714259}
