{"step/speaker/silence": 0.5005183177663323, "step/follower/move": 0.8325235095857418, "step/speaker/confirm": 0.20988114140196734, "step/follower/wait": 0.08965043656386214, "step/speaker/directive": 0.13277364737456807, "step/speaker/move": 0.09709326723618535, "step/speaker/reference": 0.11451761852831321, "step/speaker/reference/PCS": 0.021765889120912596, "step/speaker/reference/SCP": 0.037363302743962254, "step/speaker/reference/PSC": 0.021825872226726935, "step/speaker/decline": 0.04230927492881902, "step/speaker/reference/CSP": 0.03356255443671149, "step/speaker/take": 0.03568038013838263, "episode/outcome/abort": 0.0, "episode/step/count": 16.216326530612246, "episode/outcome/success": 0.9795918367346939, "episode/outcome/failure": 0.02040816326530612, "episode/reward/time": 0.8175663265306122, "episode/effort/speaker_abs": 16.718367346938777, "episode/effort/speaker_rel": 1.073348205708392, "episode/reward/speaker": 0.8119183673469385, "episode/effort/follower_abs": 27.33877551020408, "episode/effort/follower_rel": 1.6650470191714837, "episode/reward/follower": 0.6924387755102048, "episode/effort/mean_joint_abs": 22.02857142857143, "episode/effort/mean_joint_rel": 1.3691976124399379, "episode/reward/joint": 0.7521785714285717, "episode/reward/goal": 0.9714285714285714, "episode/reward/final": 1.7563010204081635}
