{"step/speaker/silence": 0.5005940620226335, "step/follower/move": 0.7312425933854505, "step/speaker/confirm": 0.12902836581408011, "step/speaker/reference": 0.14096794739651883, "step/speaker/reference/SCP": 0.0695221445221445, "step/speaker/reference/CSP": 0.06808979380407948, "step/speaker/decline": 0.058658748658748636, "step/follower/wait": 0.09147260147260146, "step/speaker/directive": 0.17075087610801903, "step/speaker/move": 0.061269068233353895, "step/speaker/take": 0.10948180787466509, "step/speaker/reference/PCS": 0.0007936507936507937, "step/speaker/reference/PSC": 0.002562358276643991, "episode/outcome/abort": 0.0, "episode/step/count": 7.642857142857143, "episode/outcome/success": 1.0, "episode/outcome/failure": 0.0, "episode/reward/time": 0.7707142857142845, "episode/effort/speaker_abs": 10.138095238095238, "episode/effort/speaker_rel": 1.4719547515976086, "episode/reward/speaker": 0.6958571428571422, "episode/effort/follower_abs": 11.561904761904762, "episode/effort/follower_rel": 1.462485186770901, "episode/reward/follower": 0.6531428571428567, "episode/effort/mean_joint_abs": 10.85, "episode/effort/mean_joint_rel": 1.4672199691842547, "episode/reward/joint": 0.6745000000000001, "episode/reward/goal": 1.0, "episode/reward/final": 1.7226071428571403}
