{"step/speaker/silence": 0.666806967068861, "step/follower/move": 0.7527088144264482, "step/speaker/confirm": 0.04740720730516647, "step/speaker/reference": 0.0949267201841915, "step/speaker/reference/SCP": 0.04760428846863418, "step/speaker/directive": 0.15891146542217507, "step/speaker/take": 0.13786689858655485, "step/speaker/reference/CSP": 0.044582156118138906, "step/speaker/move": 0.021044566835620098, "step/speaker/decline": 0.031947640019605636, "step/follower/wait": 0.06484016762496572, "step/speaker/reference/PCS": 0.001334379905808477, "step/speaker/reference/PSC": 0.001405895691609977, "episode/outcome/abort": 0.0, "episode/step/count": 7.089795918367347, "episode/outcome/success": 1.0, "episode/outcome/failure": 0.0, "episode/reward/time": 0.7873061224489768, "episode/effort/speaker_abs": 7.473469387755102, "episode/effort/speaker_rel": 1.1672789203312994, "episode/reward/speaker": 0.775795918367345, "episode/effort/follower_abs": 10.946938775510205, "episode/effort/follower_rel": 1.5054176288528964, "episode/reward/follower": 0.6715918367346932, "episode/effort/mean_joint_abs": 9.210204081632654, "episode/effort/mean_joint_rel": 1.3363482745920985, "episode/reward/joint": 0.7236938775510203, "episode/reward/goal": 1.0, "episode/reward/final": 1.7555000000000007}
