{"step/speaker/confirm": 0.6874696616561775, "step/follower/move": 0.7563933654630873, "step/speaker/decline": 0.06954063073962646, "step/speaker/directive": 0.1737648014849331, "step/speaker/move": 0.06403610135447958, "step/follower/wait": 0.13625888678741147, "step/speaker/reference": 0.06922490611926313, "step/speaker/reference/SCP": 0.026328932003352217, "step/speaker/take": 0.10972870013045337, "step/speaker/reference/PSC": 0.008471598778393579, "step/speaker/reference/CSP": 0.02953829199050387, "step/speaker/reference/PCS": 0.004886083347013484, "episode/outcome/abort": 0.0, "episode/step/count": 13.10952380952381, "episode/outcome/success": 1.0, "episode/outcome/failure": 0.0, "episode/reward/time": 0.8033571428571429, "episode/effort/speaker_abs": 18.13809523809524, "episode/effort/speaker_rel": 1.4195623614729616, "episode/reward/speaker": 0.7279285714285717, "episode/effort/follower_abs": 20.104761904761904, "episode/effort/follower_rel": 1.5127867309261747, "episode/reward/follower": 0.6984285714285703, "episode/effort/mean_joint_abs": 19.12142857142857, "episode/effort/mean_joint_rel": 1.466174546199568, "episode/reward/joint": 0.7131785714285714, "episode/reward/goal": 1.0, "episode/reward/final": 1.7582678571428572}
