{"step/speaker/silence": 0.6680091518426088, "step/follower/move": 0.8272775301598874, "step/speaker/confirm": 0.09720715999368183, "step/speaker/decline": 0.023770647744072337, "step/follower/wait": 0.07278441379627845, "step/speaker/reference": 0.09310463107469996, "step/speaker/reference/CSP": 0.0353935110215517, "step/speaker/directive": 0.11790840934493692, "step/speaker/move": 0.057470232690965135, "step/speaker/take": 0.06043817665397185, "step/speaker/reference/SCP": 0.03319270902758872, "step/speaker/reference/PSC": 0.012930826885454504, "step/speaker/reference/PCS": 0.01158758414010515, "episode/outcome/abort": 0.0, "episode/step/count": 13.647619047619047, "episode/outcome/success": 1.0, "episode/outcome/failure": 0.0, "episode/reward/time": 0.7952857142857143, "episode/effort/speaker_abs": 11.314285714285715, "episode/effort/speaker_rel": 0.9001643238315878, "episode/reward/speaker": 0.8302857142857141, "episode/effort/follower_abs": 22.914285714285715, "episode/effort/follower_rel": 1.6545550603197747, "episode/reward/follower": 0.6562857142857137, "episode/effort/mean_joint_abs": 17.114285714285714, "episode/effort/mean_joint_rel": 1.2773596920756825, "episode/reward/joint": 0.7432857142857139, "episode/reward/goal": 1.0, "episode/reward/final": 1.7692857142857144}
