{"step/speaker/silence": 0.6673420084056733, "step/follower/move": 0.7493609840814808, "step/speaker/confirm": 0.05863861667433092, "step/speaker/reference": 0.09205580766139763, "step/speaker/reference/CSP": 0.04348703746219272, "step/speaker/reference/SCP": 0.04648260239875142, "step/follower/wait": 0.08312160837781958, "step/speaker/directive": 0.14852505930922077, "step/speaker/take": 0.11970290061904959, "step/speaker/decline": 0.03343850794937749, "step/speaker/move": 0.02882215869017109, "step/speaker/reference/PCS": 0.001349206349206349, "step/speaker/reference/PSC": 0.0007369614512471656, "episode/outcome/abort": 0.0, "episode/step/count": 8.033333333333333, "episode/outcome/success": 1.0, "episode/outcome/failure": 0.0, "episode/reward/time": 0.7589999999999983, "episode/effort/speaker_abs": 8.042857142857143, "episode/effort/speaker_rel": 1.1049298898134299, "episode/reward/speaker": 0.7587142857142846, "episode/effort/follower_abs": 12.2, "episode/effort/follower_rel": 1.4987219681629615, "episode/reward/follower": 0.6340000000000001, "episode/effort/mean_joint_abs": 10.121428571428572, "episode/effort/mean_joint_rel": 1.3018259289881962, "episode/reward/joint": 0.6963571428571428, "episode/reward/goal": 1.0, "episode/reward/final": 1.7276785714285725}
