{"step/speaker/silence": 0.7479350264248225, "step/follower/move": 0.7720786560378399, "step/speaker/confirm": 0.014940766716276923, "step/follower/wait": 0.0604446154752277, "step/speaker/directive": 0.13590772945874982, "step/speaker/take": 0.12077508545875883, "step/speaker/reference": 0.0706837131122845, "step/speaker/reference/SCP": 0.035096246157470645, "step/speaker/move": 0.015132643999990947, "step/speaker/reference/PSC": 0.0011400164461388951, "step/speaker/reference/CSP": 0.033475633210327094, "step/speaker/decline": 0.03053276428786633, "step/speaker/reference/PCS": 0.0009718172983479105, "episode/outcome/abort": 0.0, "episode/step/count": 7.661224489795918, "episode/outcome/success": 0.9959183673469387, "episode/outcome/failure": 0.004081632653061225, "episode/reward/time": 0.7701632653061206, "episode/effort/speaker_abs": 6.673469387755102, "episode/effort/speaker_rel": 0.9731727354278371, "episode/reward/speaker": 0.7997959183673444, "episode/effort/follower_abs": 12.06530612244898, "episode/effort/follower_rel": 1.5441573120756797, "episode/reward/follower": 0.6380408163265293, "episode/effort/mean_joint_abs": 9.369387755102041, "episode/effort/mean_joint_rel": 1.2586650237517585, "episode/reward/joint": 0.7189183673469383, "episode/reward/goal": 0.9918367346938776, "episode/reward/final": 1.7363775510204076}
