{"step/speaker/silence": 0.7496330098710285, "step/follower/move": 0.8271982108390253, "step/speaker/confirm": 0.05505540514515682, "step/speaker/reference": 0.06960062187271879, "step/speaker/reference/CSP": 0.02588946286611529, "step/speaker/directive": 0.10590706167451044, "step/speaker/take": 0.06562666458148728, "step/speaker/move": 0.040280397093023265, "step/speaker/reference/SCP": 0.02582773230106899, "step/speaker/decline": 0.0198039014365847, "step/follower/wait": 0.08148724420799659, "step/speaker/reference/PCS": 0.00953523947742688, "step/speaker/reference/PSC": 0.008348187228107618, "episode/outcome/abort": 0.0, "episode/step/count": 13.779591836734694, "episode/outcome/success": 0.9673469387755103, "episode/outcome/failure": 0.0326530612244898, "episode/reward/time": 0.793306122448978, "episode/effort/speaker_abs": 9.395918367346939, "episode/effort/speaker_rel": 0.7267503078127148, "episode/reward/speaker": 0.8590612244897962, "episode/effort/follower_abs": 22.914285714285715, "episode/effort/follower_rel": 1.6543964216780507, "episode/reward/follower": 0.6562857142857135, "episode/effort/mean_joint_abs": 16.155102040816328, "episode/effort/mean_joint_rel": 1.190573364745383, "episode/reward/joint": 0.7576734693877548, "episode/reward/goal": 0.9428571428571428, "episode/reward/final": 1.7183469387755106}
