{"step/speaker/silence": 0.665419781365454, "step/follower/move": 0.8157233632779883, "step/speaker/confirm": 0.10525814280160863, "step/speaker/directive": 0.1164405447047726, "step/speaker/move": 0.06007566845324826, "step/speaker/reference": 0.08754006211275149, "step/speaker/reference/CSP": 0.02906541891283155, "step/speaker/take": 0.05636487625152424, "step/follower/wait": 0.08885724082362453, "step/speaker/reference/PSC": 0.012421257214174383, "step/speaker/reference/PCS": 0.012519287931777867, "step/speaker/reference/SCP": 0.03353409805396778, "step/speaker/decline": 0.02534146901541226, "episode/outcome/abort": 0.0, "episode/step/count": 13.546938775510204, "episode/outcome/success": 0.9755102040816327, "episode/outcome/failure": 0.024489795918367346, "episode/reward/time": 0.7967959183673469, "episode/effort/speaker_abs": 11.138775510204082, "episode/effort/speaker_rel": 0.8736016794698563, "episode/reward/speaker": 0.8329183673469382, "episode/effort/follower_abs": 22.39183673469388, "episode/effort/follower_rel": 1.6314467265559767, "episode/reward/follower": 0.6641224489795912, "episode/effort/mean_joint_abs": 16.76530612244898, "episode/effort/mean_joint_rel": 1.2525242030129171, "episode/reward/joint": 0.7485204081632649, "episode/reward/goal": 0.963265306122449, "episode/reward/final": 1.7359234693877559}
