{"step/speaker/confirm": 0.5780659971836443, "step/follower/move": 0.6790599713078699, "step/speaker/directive": 0.2814994607011416, "step/speaker/take": 0.19026096452567057, "step/speaker/decline": 0.10328049712503491, "step/speaker/reference": 0.037154044990179415, "step/speaker/reference/CSP": 0.019763023313443488, "step/follower/wait": 0.13782192130931625, "step/speaker/move": 0.0912384961754709, "step/speaker/reference/SCP": 0.01612118040689469, "step/speaker/reference/PSC": 0.0007936507936507937, "step/speaker/reference/PCS": 0.0004761904761904762, "episode/outcome/abort": 0.0, "episode/step/count": 7.428571428571429, "episode/outcome/success": 1.0, "episode/outcome/failure": 0.0, "episode/reward/time": 0.7771428571428559, "episode/effort/speaker_abs": 11.052380952380952, "episode/effort/speaker_rel": 1.5389256580643151, "episode/reward/speaker": 0.6684285714285711, "episode/effort/follower_abs": 10.285714285714286, "episode/effort/follower_rel": 1.3581199426157398, "episode/reward/follower": 0.6914285714285707, "episode/effort/mean_joint_abs": 10.66904761904762, "episode/effort/mean_joint_rel": 1.4485228003400268, "episode/reward/joint": 0.6799285714285705, "episode/reward/goal": 1.0, "episode/reward/final": 1.7285357142857156}
