{"step/speaker/confirm": 0.6847719550521214, "step/follower/move": 0.7676804406002247, "step/speaker/decline": 0.0837021363417544, "step/speaker/directive": 0.16013126049649684, "step/speaker/move": 0.07595677209013622, "step/follower/wait": 0.15290697575531945, "step/speaker/reference": 0.0713946481096276, "step/speaker/reference/CSP": 0.027184883948796104, "step/speaker/take": 0.08417448840636044, "step/speaker/reference/PCS": 0.009701455480930729, "step/speaker/reference/SCP": 0.0266179591981104, "step/speaker/reference/PSC": 0.007890349481790368, "episode/outcome/abort": 0.0, "episode/step/count": 18.20952380952381, "episode/outcome/success": 1.0, "episode/outcome/failure": 0.0, "episode/reward/time": 0.7951428571428574, "episode/effort/speaker_abs": 24.685714285714287, "episode/effort/speaker_rel": 1.3823331403602077, "episode/reward/speaker": 0.7222857142857143, "episode/effort/follower_abs": 28.266666666666666, "episode/effort/follower_rel": 1.5353608812004493, "episode/reward/follower": 0.6819999999999999, "episode/effort/mean_joint_abs": 26.476190476190474, "episode/effort/mean_joint_rel": 1.4588470107803295, "episode/reward/joint": 0.7021428571428576, "episode/reward/goal": 1.0, "episode/reward/final": 1.748642857142858}
