{"step/speaker/silence": 0.749948218603681, "step/follower/move": 0.7547957625163512, "step/speaker/reference": 0.07027451578922163, "step/speaker/reference/SCP": 0.0251685238975155, "step/speaker/directive": 0.1238159168096142, "step/speaker/move": 0.015178606407598013, "step/speaker/reference/CSP": 0.042927059712773996, "step/speaker/confirm": 0.02013112548826835, "step/speaker/decline": 0.03583022330921489, "step/follower/wait": 0.08368624955809827, "step/speaker/take": 0.10863731040201624, "step/speaker/reference/PCS": 0.0017027417027417025, "step/speaker/reference/PSC": 0.0004761904761904762, "episode/outcome/abort": 0.004761904761904762, "episode/step/count": 8.442857142857143, "episode/outcome/success": 0.9904761904761905, "episode/outcome/failure": 0.004761904761904762, "episode/reward/time": 0.7467142857142852, "episode/effort/speaker_abs": 6.985714285714286, "episode/effort/speaker_rel": 0.9415772668818889, "episode/reward/speaker": 0.7904285714285701, "episode/effort/follower_abs": 12.904761904761905, "episode/effort/follower_rel": 1.5095915250327023, "episode/reward/follower": 0.6128571428571427, "episode/effort/mean_joint_abs": 9.945238095238095, "episode/effort/mean_joint_rel": 1.2255843959572947, "episode/reward/joint": 0.701642857142857, "episode/reward/goal": 0.9809523809523809, "episode/reward/final": 1.7051309523809515}
