{"step/speaker/silence": 0.7484228262943075, "step/follower/move": 0.8676816385401881, "step/speaker/reference": 0.07806028730196932, "step/speaker/reference/PCS": 0.015108741829576984, "step/follower/wait": 0.057413264791690406, "step/speaker/decline": 0.018492130974295508, "step/speaker/reference/CSP": 0.02693277129637363, "step/speaker/directive": 0.10970063684077652, "step/speaker/move": 0.05778868721654253, "step/speaker/reference/PSC": 0.011998477966920442, "step/speaker/confirm": 0.04532411858865093, "step/speaker/take": 0.05191194962423398, "step/speaker/reference/SCP": 0.02402029620909825, "episode/outcome/abort": 0.004761904761904762, "episode/step/count": 18.48095238095238, "episode/outcome/success": 0.9476190476190476, "episode/outcome/failure": 0.047619047619047616, "episode/reward/time": 0.7920892857142857, "episode/effort/speaker_abs": 12.138095238095238, "episode/effort/speaker_rel": 0.7076084634159323, "episode/reward/speaker": 0.8634464285714285, "episode/effort/follower_abs": 32.63809523809524, "episode/effort/follower_rel": 1.7353632770803762, "episode/reward/follower": 0.6328214285714282, "episode/effort/mean_joint_abs": 22.38809523809524, "episode/effort/mean_joint_rel": 1.2214858702481548, "episode/reward/joint": 0.748133928571429, "episode/reward/goal": 0.9238095238095239, "episode/reward/final": 1.6939211309523803}
