{"step/speaker/silence": 0.6674087146076056, "step/follower/move": 0.8437338408629813, "step/speaker/confirm": 0.09995414662880717, "step/follower/wait": 0.08225467157226617, "step/speaker/directive": 0.11660259378330123, "step/speaker/move": 0.07348000223961457, "step/speaker/reference": 0.0961367658700592, "step/speaker/reference/CSP": 0.02652798471516942, "step/speaker/reference/PCS": 0.018355298294696024, "step/speaker/decline": 0.019897779110227592, "step/speaker/reference/PSC": 0.014774692396189395, "step/speaker/take": 0.04312259154368662, "step/speaker/reference/SCP": 0.036478790464004464, "episode/outcome/abort": 0.0, "episode/step/count": 17.919047619047618, "episode/outcome/success": 0.9809523809523809, "episode/outcome/failure": 0.01904761904761905, "episode/reward/time": 0.7984107142857152, "episode/effort/speaker_abs": 14.123809523809523, "episode/effort/speaker_rel": 0.8417808435728598, "episode/reward/speaker": 0.8411071428571427, "episode/effort/follower_abs": 30.704761904761906, "episode/effort/follower_rel": 1.6874676817259626, "episode/reward/follower": 0.6545714285714285, "episode/effort/mean_joint_abs": 22.414285714285715, "episode/effort/mean_joint_rel": 1.2646242626494122, "episode/reward/joint": 0.7478392857142855, "episode/reward/goal": 0.9714285714285714, "episode/reward/final": 1.7445535714285691}
