{"step/speaker/confirm": 0.6875887759904779, "step/follower/move": 0.7717426989863813, "step/speaker/reference": 0.07313706986883019, "step/speaker/reference/PCS": 0.010199946741344255, "step/follower/wait": 0.15370139564227944, "step/speaker/decline": 0.08503201107324011, "step/speaker/directive": 0.1542421430674518, "step/speaker/move": 0.07764542136958237, "step/speaker/reference/CSP": 0.03040870030747218, "step/speaker/reference/SCP": 0.023847209732347982, "step/speaker/take": 0.0765967216978693, "step/speaker/reference/PSC": 0.00868121308766576, "episode/outcome/abort": 0.0, "episode/step/count": 17.66122448979592, "episode/outcome/success": 1.0, "episode/outcome/failure": 0.0, "episode/reward/time": 0.8013112244897966, "episode/effort/speaker_abs": 24.03265306122449, "episode/effort/speaker_rel": 1.3750721881764512, "episode/reward/speaker": 0.7296326530612248, "episode/effort/follower_abs": 27.387755102040817, "episode/effort/follower_rel": 1.5434853979727625, "episode/reward/follower": 0.691887755102041, "episode/effort/mean_joint_abs": 25.710204081632654, "episode/effort/mean_joint_rel": 1.4592787930746078, "episode/reward/joint": 0.7107602040816328, "episode/reward/goal": 1.0, "episode/reward/final": 1.756035714285715}
