{"step/speaker/decline": 0.10288332415883429, "step/follower/move": 0.6801816267632588, "step/speaker/directive": 0.2915029754825675, "step/speaker/move": 0.08591969821561653, "step/follower/wait": 0.11627591229632041, "step/speaker/confirm": 0.578274877050387, "step/speaker/take": 0.20558327726695108, "step/speaker/reference": 0.027338823308211063, "step/speaker/reference/PCS": 0.001478283621140764, "step/speaker/reference/SCP": 0.013337065428902164, "step/speaker/reference/CSP": 0.012183338203746367, "step/speaker/reference/PSC": 0.0003401360544217687, "episode/outcome/abort": 0.0, "episode/step/count": 6.6571428571428575, "episode/outcome/success": 1.0, "episode/outcome/failure": 0.0, "episode/reward/time": 0.8002857142857125, "episode/effort/speaker_abs": 9.96734693877551, "episode/effort/speaker_rel": 1.5497230830394104, "episode/reward/speaker": 0.7009795918367336, "episode/effort/follower_abs": 9.224489795918368, "episode/effort/follower_rel": 1.3603632535265175, "episode/reward/follower": 0.7232653061224473, "episode/effort/mean_joint_abs": 9.595918367346938, "episode/effort/mean_joint_rel": 1.4550431682829637, "episode/reward/joint": 0.7121224489795912, "episode/reward/goal": 1.0, "episode/reward/final": 1.7562040816326536}
