{"step/speaker/silence": 0.7504261662541045, "step/follower/move": 0.8620455335199618, "step/speaker/confirm": 0.05183141015423847, "step/speaker/reference": 0.07624742948770322, "step/speaker/reference/PSC": 0.008017207482776472, "step/speaker/directive": 0.10011177740963302, "step/speaker/move": 0.05753376802986931, "step/speaker/take": 0.04257800937976371, "step/speaker/reference/PCS": 0.01655808083106721, "step/speaker/reference/SCP": 0.028592644228193607, "step/speaker/reference/CSP": 0.023079496945665964, "step/follower/wait": 0.06749371483888245, "step/speaker/decline": 0.021383216694320212, "episode/outcome/abort": 0.0, "episode/step/count": 17.616326530612245, "episode/outcome/success": 0.9469387755102041, "episode/outcome/failure": 0.053061224489795916, "episode/reward/time": 0.801816326530612, "episode/effort/speaker_abs": 11.518367346938776, "episode/effort/speaker_rel": 0.6791660373807652, "episode/reward/speaker": 0.8704183673469381, "episode/effort/follower_abs": 30.59591836734694, "episode/effort/follower_rel": 1.7240910670399237, "episode/reward/follower": 0.6557959183673471, "episode/effort/mean_joint_abs": 21.057142857142857, "episode/effort/mean_joint_rel": 1.2016285522103443, "episode/reward/joint": 0.763107142857143, "episode/reward/goal": 0.9102040816326531, "episode/reward/final": 1.6926658163265305}
