{"step/speaker/silence": 0.5011093630364496, "step/follower/move": 0.8070758178133237, "step/speaker/confirm": 0.19290346862407262, "step/speaker/directive": 0.13755229813326747, "step/speaker/move": 0.08543141043156836, "step/speaker/reference": 0.12149785562261083, "step/speaker/reference/SCP": 0.04269312343126079, "step/speaker/reference/PSC": 0.013763363978186748, "step/speaker/reference/PCS": 0.02128641622623425, "step/follower/wait": 0.09510285064654181, "step/speaker/reference/CSP": 0.04375495198692899, "step/speaker/decline": 0.046937014583599515, "step/speaker/take": 0.052120887701698974, "episode/outcome/abort": 0.0, "episode/step/count": 12.771428571428572, "episode/outcome/success": 0.9877551020408163, "episode/outcome/failure": 0.012244897959183673, "episode/reward/time": 0.8084285714285693, "episode/effort/speaker_abs": 14.040816326530612, "episode/effort/speaker_rel": 1.1533827226493243, "episode/reward/speaker": 0.7893877551020408, "episode/effort/follower_abs": 20.897959183673468, "episode/effort/follower_rel": 1.6141516356266474, "episode/reward/follower": 0.6865306122448966, "episode/effort/mean_joint_abs": 17.46938775510204, "episode/effort/mean_joint_rel": 1.3837671791379846, "episode/reward/joint": 0.7379591836734694, "episode/reward/goal": 0.9795918367346939, "episode/reward/final": 1.7527857142857133}
