{"step/speaker/silence": 0.6660413442671851, "step/follower/move": 0.8382715729268859, "step/speaker/confirm": 0.10732739657386857, "step/follower/wait": 0.08985026051971906, "step/speaker/directive": 0.10765209941766497, "step/speaker/move": 0.07117934974889785, "step/speaker/reference": 0.09109460946834876, "step/speaker/reference/SCP": 0.026045077047571395, "step/speaker/reference/PSC": 0.01806785956068278, "step/speaker/take": 0.036472749668767186, "step/speaker/reference/PCS": 0.018940697349580354, "step/speaker/reference/CSP": 0.02804097551051435, "step/speaker/decline": 0.027884550272931703, "episode/outcome/abort": 0.0, "episode/step/count": 17.49795918367347, "episode/outcome/success": 0.963265306122449, "episode/outcome/failure": 0.036734693877551024, "episode/reward/time": 0.8031479591836739, "episode/effort/speaker_abs": 13.693877551020408, "episode/effort/speaker_rel": 0.8173888871757534, "episode/reward/speaker": 0.8459438775510202, "episode/effort/follower_abs": 29.6734693877551, "episode/effort/follower_rel": 1.6765431458537718, "episode/reward/follower": 0.6661734693877555, "episode/effort/mean_joint_abs": 21.683673469387756, "episode/effort/mean_joint_rel": 1.2469660165147634, "episode/reward/joint": 0.7560586734693877, "episode/reward/goal": 0.9551020408163265, "episode/reward/final": 1.7347053571428568}
