{"step/speaker/silence": 0.5001892807142505, "step/follower/move": 0.8137934079091801, "step/speaker/confirm": 0.19019493758859757, "step/speaker/decline": 0.04321591022726051, "step/follower/wait": 0.08521352593514292, "step/speaker/reference": 0.12641165144551972, "step/speaker/reference/PCS": 0.02006556189834078, "step/speaker/directive": 0.13998822002437183, "step/speaker/move": 0.08398496758750008, "step/speaker/reference/SCP": 0.04241659049936936, "step/speaker/take": 0.056003252436871605, "step/speaker/reference/PSC": 0.015909870061793986, "step/speaker/reference/CSP": 0.04801962898601551, "episode/outcome/abort": 0.0, "episode/step/count": 12.876190476190477, "episode/outcome/success": 0.9952380952380953, "episode/outcome/failure": 0.004761904761904762, "episode/reward/time": 0.8068571428571417, "episode/effort/speaker_abs": 14.219047619047618, "episode/effort/speaker_rel": 1.163556045402982, "episode/reward/speaker": 0.7867142857142861, "episode/effort/follower_abs": 21.39047619047619, "episode/effort/follower_rel": 1.6275868158183602, "episode/reward/follower": 0.679142857142856, "episode/effort/mean_joint_abs": 17.804761904761904, "episode/effort/mean_joint_rel": 1.395571430610671, "episode/reward/joint": 0.7329285714285713, "episode/reward/goal": 0.9952380952380953, "episode/reward/final": 1.765130952380952}
