{"step/speaker/silence": 0.7482218628594604, "step/follower/move": 0.8309228156290668, "step/speaker/reference": 0.07876184265066792, "step/speaker/reference/PSC": 0.00785679142331643, "step/follower/wait": 0.0769870876949683, "step/speaker/confirm": 0.047599026546277935, "step/speaker/directive": 0.10841402948090058, "step/speaker/move": 0.042991202409106144, "step/speaker/reference/CSP": 0.03158630873435788, "step/speaker/take": 0.06542282707179443, "step/speaker/decline": 0.01700323846269273, "step/speaker/reference/SCP": 0.02985261722342915, "step/speaker/reference/PCS": 0.009466125269564495, "episode/outcome/abort": 0.004761904761904762, "episode/step/count": 14.58095238095238, "episode/outcome/success": 0.9952380952380953, "episode/outcome/failure": 0.0, "episode/reward/time": 0.7812857142857137, "episode/effort/speaker_abs": 10.17142857142857, "episode/effort/speaker_rel": 0.7534446602122394, "episode/reward/speaker": 0.8474285714285711, "episode/effort/follower_abs": 24.39047619047619, "episode/effort/follower_rel": 1.6618456312581336, "episode/reward/follower": 0.6341428571428572, "episode/effort/mean_joint_abs": 17.28095238095238, "episode/effort/mean_joint_rel": 1.2076451457351867, "episode/reward/joint": 0.7407857142857138, "episode/reward/goal": 0.9904761904761905, "episode/reward/final": 1.751511904761904}
