{"step/speaker/directive": 0.7199446406419555, "step/speaker/move": 0.6092952691112474, "step/follower/move": 0.9320236196087669, "step/speaker/take": 0.11064937153070825, "step/speaker/reference": 0.2797589550820482, "step/speaker/reference/SCP": 0.10853978053388526, "step/speaker/reference/PSC": 0.13026165641402407, "step/speaker/reference/CPS": 0.037478579760759724, "step/follower/take": 0.01687495758303969, "step/speaker/reference/SPC": 0.002385643912737508, "step/speaker/confirm": 0.0002964042759961127, "step/speaker/reference/CSP": 0.0010932944606413995, "episode/outcome/abort": 0.2571428571428571, "episode/step/count": 37.66530612244898, "episode/outcome/success": 0.7306122448979592, "episode/outcome/failure": 0.012244897959183673, "episode/reward/time": 0.5762653061224482, "episode/effort/speaker_abs": 88.19591836734693, "episode/effort/speaker_rel": 2.2904994236124803, "episode/reward/speaker": 0.00779591836734688, "episode/effort/follower_abs": 74.06530612244897, "episode/effort/follower_rel": 1.9146721119666528, "episode/reward/follower": 0.16676530612244866, "episode/effort/mean_joint_abs": 81.13061224489796, "episode/effort/mean_joint_rel": 2.102585767789565, "episode/reward/joint": 0.08728061224489801, "episode/reward/goal": 0.46938775510204084, "episode/reward/final": 0.8011607142857138}
