{"step/speaker/directive": 0.7603267434196084, "step/speaker/move": 0.5966207410484523, "step/follower/move": 0.902144619634876, "step/speaker/reference": 0.2391460456960379, "step/speaker/reference/PSC": 0.1145370953467563, "step/speaker/take": 0.16370600237115607, "step/speaker/reference/SCP": 0.10442232466167632, "step/speaker/reference/CPS": 0.01802559408583176, "step/speaker/reference/SPC": 0.0017481768046821655, "step/speaker/confirm": 0.0005272108843537415, "step/follower/take": 0.008833708432199008, "step/speaker/reference/CSP": 0.0004128547970912503, "episode/outcome/abort": 0.09387755102040816, "episode/step/count": 20.06530612244898, "episode/outcome/success": 0.8938775510204081, "episode/outcome/failure": 0.012244897959183673, "episode/reward/time": 0.6990204081632646, "episode/effort/speaker_abs": 46.19591836734694, "episode/effort/speaker_rel": 2.255596819034292, "episode/reward/speaker": 0.30706122448979595, "episode/effort/follower_abs": 38.57142857142857, "episode/effort/follower_rel": 1.8307903645663488, "episode/reward/follower": 0.42142857142857154, "episode/effort/mean_joint_abs": 42.38367346938775, "episode/effort/mean_joint_rel": 2.0431935918003203, "episode/reward/joint": 0.3642448979591839, "episode/reward/goal": 0.7959183673469388, "episode/reward/final": 1.3275510204081642}
