{"step/speaker/directive": 0.796026918540345, "step/speaker/move": 0.41383323622313956, "step/follower/move": 0.7924909825822835, "step/speaker/take": 0.3821936823172058, "step/speaker/reference": 0.2039730814596551, "step/speaker/reference/PSC": 0.09212270305181146, "step/speaker/reference/SCP": 0.10153601023633246, "step/speaker/reference/CPS": 0.010314368171511028, "step/follower/take": 0.00306288949146092, "episode/outcome/abort": 0.0326530612244898, "episode/step/count": 7.485714285714286, "episode/outcome/success": 0.9673469387755103, "episode/outcome/failure": 0.0, "episode/reward/time": 0.7754285714285696, "episode/effort/speaker_abs": 17.089795918367347, "episode/effort/speaker_rel": 2.2590621647120046, "episode/reward/speaker": 0.48730612244897964, "episode/effort/follower_abs": 12.995918367346938, "episode/effort/follower_rel": 1.5941706336389494, "episode/reward/follower": 0.6101224489795912, "episode/effort/mean_joint_abs": 15.042857142857143, "episode/effort/mean_joint_rel": 1.926616399175475, "episode/reward/joint": 0.5487142857142856, "episode/reward/goal": 0.9346938775510204, "episode/reward/final": 1.5967653061224487}
