{"step/speaker/silence": 0.49604799452682946, "step/follower/move": 0.746708121085502, "step/speaker/confirm": 0.06925692764092331, "step/speaker/reference": 0.13235716451646712, "step/speaker/reference/SCP": 0.06515307682154506, "step/speaker/decline": 0.1380333498475199, "step/speaker/reference/CSP": 0.05835968040153507, "step/speaker/directive": 0.16430456346826014, "step/speaker/move": 0.10372407366328044, "step/follower/take": 0.03055634178771581, "step/speaker/take": 0.060580489804979584, "step/follower/wait": 0.040924572232134145, "step/speaker/reference/PCS": 0.004529391243676959, "step/speaker/reference/PSC": 0.004315016049709928, "episode/outcome/abort": 0.061224489795918366, "episode/step/count": 9.346938775510203, "episode/outcome/success": 0.3795918367346939, "episode/outcome/failure": 0.5591836734693878, "episode/reward/time": 0.7195918367346924, "episode/effort/speaker_abs": 11.404081632653062, "episode/effort/speaker_rel": 1.3502865081162159, "episode/reward/speaker": 0.6578775510204071, "episode/effort/follower_abs": 16.06122448979592, "episode/effort/follower_rel": 1.5850852675341522, "episode/reward/follower": 0.5181632653061223, "episode/effort/mean_joint_abs": 13.73265306122449, "episode/effort/mean_joint_rel": 1.4676858878251837, "episode/reward/joint": 0.5880204081632654, "episode/reward/goal": -0.036734693877551024, "episode/reward/final": 0.6170714285714285}
