{"step/speaker/silence": 0.49602066763234354, "step/follower/move": 0.8478159262143792, "step/speaker/confirm": 0.04925471556489948, "step/speaker/reference": 0.14026547767274647, "step/speaker/reference/PSC": 0.04002577729157805, "step/speaker/directive": 0.23436267703908967, "step/speaker/move": 0.2216817667158817, "step/speaker/reference/SCP": 0.028301671612700065, "step/speaker/take": 0.012680910323207919, "step/speaker/decline": 0.08009646209092074, "step/speaker/reference/CSP": 0.02842905424333275, "step/follower/take": 0.08287096740182542, "step/speaker/reference/PCS": 0.043508974525135524, "step/follower/wait": 0.03322589988316222, "episode/outcome/abort": 0.6040816326530613, "episode/outcome/success": 0.05714285714285714, "episode/outcome/failure": 0.33877551020408164, "episode/step/count": 59.66530612244898, "episode/reward/time": 0.32876530612244875, "episode/effort/speaker_abs": 65.3061224489796, "episode/effort/speaker_rel": 1.09713656857788, "episode/reward/speaker": 0.26530612244897944, "episode/effort/follower_abs": 118.61632653061224, "episode/effort/follower_rel": 1.9442447546342354, "episode/reward/follower": -0.3344336734693876, "episode/effort/mean_joint_abs": 91.96122448979592, "episode/effort/mean_joint_rel": 1.5206906616060576, "episode/reward/joint": -0.034563775510204106, "episode/reward/goal": -0.8448979591836735, "episode/reward/final": -0.697797193877551}
