{"step/speaker/silence": 0.49921530100390066, "step/follower/take": 0.06500013185727933, "step/speaker/directive": 0.20606656484138428, "step/speaker/move": 0.18376163619037075, "step/follower/move": 0.8523525930192994, "step/speaker/reference": 0.1346495653966023, "step/speaker/reference/PCS": 0.027402932878979824, "step/speaker/confirm": 0.06562896997069576, "step/speaker/reference/PSC": 0.03198977495051171, "step/speaker/reference/SCP": 0.039074080629409376, "step/speaker/take": 0.02230492865101353, "step/speaker/decline": 0.09443959878741724, "step/speaker/reference/CSP": 0.03618277693770138, "step/follower/wait": 0.025646311895614452, "episode/outcome/abort": 0.34285714285714286, "episode/outcome/success": 0.20408163265306123, "episode/outcome/failure": 0.4530612244897959, "episode/step/count": 35.82448979591837, "episode/reward/time": 0.46263265306122386, "episode/effort/speaker_abs": 39.012244897959185, "episode/effort/speaker_rel": 1.1134288933844323, "episode/reward/speaker": 0.4148163265306126, "episode/effort/follower_abs": 70.6734693877551, "episode/effort/follower_rel": 1.8997055816104378, "episode/reward/follower": -0.060102040816326543, "episode/effort/mean_joint_abs": 54.84285714285714, "episode/effort/mean_joint_rel": 1.5065672374974353, "episode/reward/joint": 0.17735714285714282, "episode/reward/goal": -0.4775510204081633, "episode/reward/final": -0.15755612244897965}
