{"step/speaker/directive": 0.9879097786300668, "step/speaker/move": 0.5636450604217704, "step/follower/move": 0.7657494343058573, "step/speaker/take": 0.42426471820829625, "step/follower/wait": 0.00520784937351564, "step/speaker/reference": 0.008479920106570766, "step/speaker/reference/PSC": 0.0037918544040993016, "step/speaker/reference/SPC": 0.0046880657024714655, "step/speaker/silence": 0.003610301263362488, "episode/outcome/abort": 0.0, "episode/step/count": 6.085714285714285, "episode/outcome/success": 0.9959183673469387, "episode/outcome/failure": 0.004081632653061225, "episode/reward/time": 0.8174285714285687, "episode/effort/speaker_abs": 12.269387755102041, "episode/effort/speaker_rel": 2.0088866109214245, "episode/reward/speaker": 0.6319183673469383, "episode/effort/follower_abs": 10.073469387755102, "episode/effort/follower_rel": 1.5314988686117146, "episode/reward/follower": 0.6977959183673459, "episode/effort/mean_joint_abs": 11.17142857142857, "episode/effort/mean_joint_rel": 1.7701927397665704, "episode/reward/joint": 0.6648571428571424, "episode/reward/goal": 0.9918367346938776, "episode/reward/final": 1.7329795918367343}
