{"step/speaker/directive": 0.9783114951977799, "step/speaker/move": 0.8276772602123633, "step/follower/move": 0.9191751850967125, "step/speaker/take": 0.15063423498541623, "step/speaker/reference": 0.020580882266025804, "step/speaker/reference/SPC": 0.014318743886303553, "step/speaker/reference/PSC": 0.004059507498251417, "step/follower/wait": 0.0007817036353278435, "step/follower/take": 0.0007482993197278912, "step/speaker/reference/PCS": 0.001089458339726868, "step/speaker/silence": 0.0011076225361939646, "step/speaker/reference/CSP": 0.0011131725417439702, "episode/outcome/abort": 0.0653061224489796, "episode/step/count": 20.69795918367347, "episode/outcome/success": 0.9306122448979591, "episode/outcome/failure": 0.004081632653061225, "episode/reward/time": 0.7671479591836733, "episode/effort/speaker_abs": 42.22857142857143, "episode/effort/speaker_rel": 2.025607141920281, "episode/reward/speaker": 0.5249285714285713, "episode/effort/follower_abs": 39.35918367346939, "episode/effort/follower_rel": 1.8405952681526088, "episode/reward/follower": 0.5572091836734689, "episode/effort/mean_joint_abs": 40.79387755102041, "episode/effort/mean_joint_rel": 1.9331012050364458, "episode/reward/joint": 0.5410688775510205, "episode/reward/goal": 0.8612244897959184, "episode/reward/final": 1.5153329081632643}
