{"step/speaker/directive": 0.9811061914191664, "step/speaker/move": 0.7763668780259416, "step/follower/move": 0.8894562863567068, "step/speaker/take": 0.2047393133932246, "step/speaker/reference": 0.015993534251987955, "step/speaker/reference/SPC": 0.00393023643023643, "step/speaker/reference/PSC": 0.011468059726513428, "step/follower/wait": 0.002703877754898163, "step/speaker/silence": 0.002900274328845757, "step/follower/take": 0.001267403308219635, "step/speaker/reference/PCS": 0.0005952380952380952, "episode/outcome/abort": 0.02857142857142857, "episode/step/count": 14.677551020408163, "episode/outcome/success": 0.9673469387755103, "episode/outcome/failure": 0.004081632653061225, "episode/reward/time": 0.7798367346938775, "episode/effort/speaker_abs": 29.787755102040816, "episode/effort/speaker_rel": 2.0148816413713693, "episode/reward/speaker": 0.5531836734693878, "episode/effort/follower_abs": 27.318367346938775, "episode/effort/follower_rel": 1.7827147826380725, "episode/reward/follower": 0.5902244897959184, "episode/effort/mean_joint_abs": 28.553061224489795, "episode/effort/mean_joint_rel": 1.898798212004721, "episode/reward/joint": 0.5717040816326536, "episode/reward/goal": 0.9346938775510204, "episode/reward/final": 1.6104642857142868}
