{"step/speaker/reference": 0.28140713476261053, "step/speaker/reference/SPC": 0.17599848270353052, "step/follower/move": 0.9471268301471021, "step/speaker/directive": 0.5273776117350244, "step/speaker/move": 0.5105125202849998, "step/speaker/silence": 0.12019403977338072, "step/speaker/reference/PCS": 0.031465266064040216, "step/speaker/reference/SCP": 0.060398447278849784, "step/speaker/decline": 0.043287672727462145, "step/speaker/confirm": 0.027733541001522363, "step/follower/take": 0.0032338642921043758, "step/speaker/reference/PSC": 0.007376068622241115, "step/speaker/reference/CPS": 0.006168870093948832, "step/speaker/take": 0.01686509145002461, "episode/outcome/abort": 0.44081632653061226, "episode/step/count": 47.885714285714286, "episode/outcome/success": 0.5551020408163265, "episode/outcome/failure": 0.004081632653061225, "episode/reward/time": 0.4612857142857131, "episode/effort/speaker_abs": 96.16734693877551, "episode/effort/speaker_rel": 1.9781523177912868, "episode/reward/speaker": -0.08188265306122446, "episode/effort/follower_abs": 93.91836734693878, "episode/effort/follower_rel": 1.903955253170518, "episode/reward/follower": -0.05658163265306129, "episode/effort/mean_joint_abs": 95.04285714285714, "episode/effort/mean_joint_rel": 1.9410537854809007, "episode/reward/joint": -0.06923214285714294, "episode/reward/goal": 0.11020408163265306, "episode/reward/final": 0.3062308673469389}
