{"step/speaker/directive": 0.5098005708098025, "step/speaker/move": 0.4941991776784336, "step/follower/move": 0.9263051713204236, "step/speaker/decline": 0.03511982262332913, "step/speaker/silence": 0.12026635168231706, "step/speaker/reference": 0.2794054697580715, "step/speaker/reference/SPC": 0.158560298791828, "step/speaker/reference/SCP": 0.07793861861032357, "step/speaker/confirm": 0.05540778512647994, "step/speaker/reference/CPS": 0.009727368854941923, "step/speaker/reference/PCS": 0.029701082901131957, "step/speaker/reference/PSC": 0.003410073388961497, "step/speaker/take": 0.015601393131368888, "step/follower/take": 0.0004950422703990296, "step/speaker/reference/CSP": 6.802721088435374e-05, "episode/outcome/abort": 0.3346938775510204, "episode/step/count": 30.816326530612244, "episode/outcome/success": 0.6530612244897959, "episode/outcome/failure": 0.012244897959183673, "episode/reward/time": 0.5377551020408156, "episode/effort/speaker_abs": 61.90204081632653, "episode/effort/speaker_rel": 1.96229773510339, "episode/reward/speaker": 0.0714693877551021, "episode/effort/follower_abs": 59.66122448979592, "episode/effort/follower_rel": 1.854095469452044, "episode/reward/follower": 0.10508163265306134, "episode/effort/mean_joint_abs": 60.78163265306122, "episode/effort/mean_joint_rel": 1.9081966022777184, "episode/reward/joint": 0.08827551020408153, "episode/reward/goal": 0.30612244897959184, "episode/reward/final": 0.6191377551020407}
