{"step/speaker/directive": 0.6324875831819661, "step/speaker/move": 0.6252386836221422, "step/follower/move": 0.7942728404259332, "step/speaker/reference": 0.14081246558247879, "step/speaker/reference/SCP": 0.06920841063698206, "step/speaker/confirm": 0.11547486025624641, "step/speaker/reference/SPC": 0.03782381550688873, "step/speaker/decline": 0.028428596213710265, "step/speaker/silence": 0.0827964947655982, "step/speaker/reference/PCS": 0.025684427862667582, "step/speaker/reference/CPS": 0.007120754886598067, "step/speaker/reference/PSC": 0.0009750566893424037, "step/speaker/take": 0.007248899559823929, "step/follower/take": 0.0034013605442176874, "episode/outcome/abort": 0.044897959183673466, "episode/step/count": 8.004081632653062, "episode/outcome/success": 0.9551020408163265, "episode/outcome/failure": 0.0, "episode/reward/time": 0.7598775510204061, "episode/effort/speaker_abs": 14.587755102040816, "episode/effort/speaker_rel": 1.841776749327769, "episode/reward/speaker": 0.5623673469387751, "episode/effort/follower_abs": 14.106122448979592, "episode/effort/follower_rel": 1.5987497624845193, "episode/reward/follower": 0.5768163265306115, "episode/effort/mean_joint_abs": 14.346938775510203, "episode/effort/mean_joint_rel": 1.7202632559061448, "episode/reward/joint": 0.5695918367346938, "episode/reward/goal": 0.9102040816326531, "episode/reward/final": 1.5749387755102027}
