{"step/speaker/silence": 0.6623667371777826, "step/follower/move": 0.7419263853791506, "step/follower/take": 0.16398501044626165, "step/speaker/reference": 0.11183071631598243, "step/speaker/reference/PSC": 0.030003076684640386, "step/speaker/directive": 0.1357373594978582, "step/speaker/move": 0.12209618984745675, "step/speaker/reference/PCS": 0.024197799783199882, "step/speaker/confirm": 0.022867941153465556, "step/speaker/decline": 0.06719724585491049, "step/speaker/reference/CSP": 0.0280259043582582, "step/speaker/reference/SCP": 0.02960393548988401, "step/speaker/take": 0.01364116965040135, "episode/outcome/abort": 0.14285714285714285, "episode/outcome/success": 0.23673469387755103, "episode/outcome/failure": 0.6204081632653061, "episode/step/count": 23.39591836734694, "episode/reward/time": 0.6490612244897959, "episode/effort/speaker_abs": 19.64081632653061, "episode/effort/speaker_rel": 0.9226003496997727, "episode/reward/speaker": 0.7053877551020408, "episode/effort/follower_abs": 50.53061224489796, "episode/effort/follower_rel": 1.975807802097086, "episode/reward/follower": 0.24204081632653052, "episode/effort/mean_joint_abs": 35.08571428571429, "episode/effort/mean_joint_rel": 1.449204075898429, "episode/reward/joint": 0.4737142857142857, "episode/reward/goal": -0.40408163265306124, "episode/reward/final": 0.15730612244897968}
