{"step/speaker/silence": 0.6627449802204932, "step/follower/move": 0.7075250888965559, "step/follower/take": 0.20995727594106375, "step/speaker/reference": 0.09662155313688357, "step/speaker/reference/PSC": 0.030834595418988475, "step/speaker/directive": 0.15767190279314625, "step/speaker/move": 0.1504980664763037, "step/speaker/reference/SCP": 0.017626826328358335, "step/speaker/reference/CSP": 0.016837718844647326, "step/speaker/decline": 0.06785042409013982, "step/speaker/reference/PCS": 0.03132241254488941, "step/speaker/confirm": 0.01511113975933645, "step/speaker/take": 0.0071738363168424866, "episode/outcome/abort": 0.18775510204081633, "episode/step/count": 33.02448979591837, "episode/outcome/success": 0.1510204081632653, "episode/outcome/failure": 0.6612244897959184, "episode/reward/time": 0.628474489795918, "episode/effort/speaker_abs": 26.857142857142858, "episode/effort/speaker_rel": 0.8891576035316616, "episode/reward/speaker": 0.6978571428571435, "episode/effort/follower_abs": 73.77551020408163, "episode/effort/follower_rel": 2.0449220056163044, "episode/reward/follower": 0.17002551020408158, "episode/effort/mean_joint_abs": 50.316326530612244, "episode/effort/mean_joint_rel": 1.4670398045739825, "episode/reward/joint": 0.4339413265306123, "episode/reward/goal": -0.6204081632653061, "episode/reward/final": -0.08920025510204085}
