{"step/speaker/silence": 0.6633112879865056, "step/follower/move": 0.7488642135621707, "step/speaker/decline": 0.09334080544344507, "step/follower/take": 0.05557818734175316, "step/speaker/reference": 0.10172418265300262, "step/speaker/reference/SCP": 0.04998152950740161, "step/speaker/directive": 0.12499724590764665, "step/speaker/take": 0.06553899418140767, "step/speaker/reference/CSP": 0.04777967776669085, "step/speaker/move": 0.05945825172623895, "step/speaker/confirm": 0.0166264780093996, "step/speaker/reference/PSC": 0.002744190583326238, "step/speaker/reference/PCS": 0.001218784795583936, "episode/outcome/abort": 0.02857142857142857, "episode/step/count": 8.057142857142857, "episode/outcome/success": 0.40408163265306124, "episode/outcome/failure": 0.5673469387755102, "episode/reward/time": 0.7582857142857122, "episode/effort/speaker_abs": 8.048979591836735, "episode/effort/speaker_rel": 1.1408346770432811, "episode/reward/speaker": 0.758530612244896, "episode/effort/follower_abs": 14.840816326530613, "episode/effort/follower_rel": 1.6644629891496008, "episode/reward/follower": 0.5547755102040814, "episode/effort/mean_joint_abs": 11.444897959183674, "episode/effort/mean_joint_rel": 1.402648833096441, "episode/reward/joint": 0.65665306122449, "episode/reward/goal": -0.024489795918367346, "episode/reward/final": 0.6829795918367345}
