{"step/speaker/directive": 0.769881303973471, "step/speaker/move": 0.6689221130696201, "step/follower/move": 0.9065848674243042, "step/speaker/take": 0.10095919090385103, "step/speaker/reference": 0.23011869602652915, "step/speaker/reference/PCS": 0.0036707933691074762, "step/speaker/reference/CPS": 0.04936442788695095, "step/speaker/reference/PSC": 0.1750612113196358, "step/follower/wait": 0.01961309762606465, "step/follower/take": 0.04327784694779769, "step/speaker/reference/CSP": 0.001614100185528757, "step/speaker/reference/SPC": 0.00035714285714285714, "step/speaker/reference/SCP": 5.102040816326531e-05, "episode/outcome/abort": 0.7836734693877551, "episode/step/count": 67.64081632653061, "episode/outcome/success": 0.19591836734693877, "episode/outcome/failure": 0.02040816326530612, "episode/reward/time": 0.23904081632653154, "episode/effort/speaker_abs": 152.4734693877551, "episode/effort/speaker_rel": 2.22767449174383, "episode/reward/speaker": -0.715326530612245, "episode/effort/follower_abs": 134.77959183673468, "episode/effort/follower_rel": 1.9430032756920024, "episode/reward/follower": -0.5162704081632666, "episode/effort/mean_joint_abs": 143.6265306122449, "episode/effort/mean_joint_rel": 2.085338883717913, "episode/reward/joint": -0.6157984693877551, "episode/reward/goal": -0.6040816326530613, "episode/reward/final": -0.7924604591836744}
