{"step/speaker/directive": 0.9612709686815647, "step/speaker/move": 0.7530596961757636, "step/follower/move": 0.8580518180819261, "step/speaker/take": 0.20821127250580082, "step/speaker/reference": 0.03872903131843549, "step/speaker/reference/PSC": 0.01571277719773961, "step/speaker/reference/CPS": 0.022335982011852364, "step/follower/wait": 0.00997945554068003, "step/follower/take": 0.00027210884353741496, "step/speaker/reference/CSP": 0.00027210884353741496, "step/speaker/reference/SPC": 0.00040816326530612246, "episode/outcome/abort": 0.4775510204081633, "episode/outcome/success": 0.5183673469387755, "episode/outcome/failure": 0.004081632653061225, "episode/step/count": 18.579591836734693, "episode/reward/time": 0.44261224489795764, "episode/effort/speaker_abs": 38.10612244897959, "episode/effort/speaker_rel": 2.0415697280366834, "episode/reward/speaker": -0.1431836734693878, "episode/effort/follower_abs": 34.93061224489796, "episode/effort/follower_rel": 1.7169199626944645, "episode/reward/follower": -0.04791836734693885, "episode/effort/mean_joint_abs": 36.518367346938774, "episode/effort/mean_joint_rel": 1.879244845365569, "episode/reward/joint": -0.09555102040816324, "episode/reward/goal": 0.04081632653061224, "episode/reward/final": 0.21434693877550987}
