{"step/speaker/directive": 0.8462645943425906, "step/speaker/move": 0.7571457183336794, "step/follower/move": 0.9212463724763679, "step/speaker/take": 0.08911887600891127, "step/follower/take": 0.01900226757369614, "step/follower/wait": 0.014888259354900292, "step/speaker/reference": 0.1537354056574095, "step/speaker/reference/PCS": 0.002967032967032968, "step/speaker/reference/CPS": 0.06135772773721994, "step/speaker/reference/PSC": 0.08788653274987712, "step/speaker/reference/CSP": 0.0008142834441896892, "step/speaker/reference/SPC": 0.0007098287590898429, "episode/outcome/abort": 0.7183673469387755, "episode/outcome/success": 0.27755102040816326, "episode/outcome/failure": 0.004081632653061225, "episode/step/count": 48.910204081632656, "episode/reward/time": 0.26634693877551097, "episode/effort/speaker_abs": 106.05714285714286, "episode/effort/speaker_rel": 2.153247118613269, "episode/reward/speaker": -0.5908571428571425, "episode/effort/follower_abs": 95.8, "episode/effort/follower_rel": 1.8994995476738237, "episode/reward/follower": -0.43699999999999917, "episode/effort/mean_joint_abs": 100.92857142857143, "episode/effort/mean_joint_rel": 2.0263733331435483, "episode/reward/joint": -0.5139285714285712, "episode/reward/goal": -0.4448979591836735, "episode/reward/final": -0.5686887755102038}
