{"step/speaker/directive": 0.9937698412698411, "step/speaker/move": 0.7491494880780596, "step/follower/move": 0.7524431388717104, "step/speaker/take": 0.24462035319178183, "step/speaker/reference": 0.003452380952380953, "step/speaker/reference/CPS": 0.0009523809523809524, "step/speaker/reference/PSC": 0.0009523809523809524, "step/speaker/decline": 0.002777777777777778, "step/follower/wait": 0.002777777777777778, "step/speaker/reference/PCS": 0.0015476190476190477, "episode/outcome/abort": 0.004761904761904762, "episode/step/count": 5.785714285714286, "episode/outcome/success": 0.9952380952380953, "episode/outcome/failure": 0.0, "episode/reward/time": 0.8264285714285698, "episode/effort/speaker_abs": 9.576190476190476, "episode/effort/speaker_rel": 1.5111164364735798, "episode/reward/speaker": 0.7127142857142849, "episode/effort/follower_abs": 9.542857142857143, "episode/effort/follower_rel": 1.5048862777434209, "episode/reward/follower": 0.7137142857142849, "episode/effort/mean_joint_abs": 9.55952380952381, "episode/effort/mean_joint_rel": 1.5080013571085003, "episode/reward/joint": 0.7132142857142848, "episode/reward/goal": 0.9904761904761905, "episode/reward/final": 1.760297619047619}
