{"step/speaker/directive": 0.9742954971453118, "step/speaker/take": 0.15298859636485088, "step/follower/take": 0.0349210611562921, "step/speaker/move": 0.8213069007804616, "step/follower/move": 0.8354213537544583, "step/speaker/decline": 0.009895635272742636, "step/follower/wait": 0.010637668928310128, "step/speaker/reference": 0.015808867581945236, "step/speaker/reference/CPS": 0.006713998198960605, "step/speaker/reference/PSC": 0.0009707259527187498, "step/speaker/reference/PCS": 0.008124143430265877, "episode/outcome/abort": 0.08979591836734693, "episode/step/count": 15.138775510204082, "episode/outcome/success": 0.8938775510204081, "episode/outcome/failure": 0.0163265306122449, "episode/reward/time": 0.7729183673469379, "episode/effort/speaker_abs": 28.06122448979592, "episode/effort/speaker_rel": 1.7679414271982077, "episode/reward/speaker": 0.579081632653061, "episode/effort/follower_abs": 29.285714285714285, "episode/effort/follower_rel": 1.7756058909777928, "episode/reward/follower": 0.5607142857142855, "episode/effort/mean_joint_abs": 28.6734693877551, "episode/effort/mean_joint_rel": 1.7717736590880002, "episode/reward/joint": 0.5698979591836733, "episode/reward/goal": 0.7877551020408163, "episode/reward/final": 1.459163265306123}
