{"step/speaker/directive": 0.9677792246164684, "step/speaker/take": 0.1599812943121037, "step/follower/take": 0.08019888030400324, "step/speaker/move": 0.8077979303043646, "step/follower/move": 0.8295073054321688, "step/speaker/decline": 0.007354862915516965, "step/follower/wait": 0.008674665561850226, "step/speaker/reference": 0.024049585937402862, "step/speaker/reference/PSC": 0.0022152789699373555, "step/speaker/reference/CPS": 0.01664757239297581, "step/speaker/reference/PCS": 0.004968075682361396, "step/speaker/confirm": 0.0008163265306122449, "step/speaker/reference/CSP": 0.0002186588921282799, "episode/outcome/abort": 0.20408163265306123, "episode/outcome/success": 0.7836734693877551, "episode/outcome/failure": 0.012244897959183673, "episode/step/count": 27.89387755102041, "episode/reward/time": 0.6861938775510192, "episode/effort/speaker_abs": 53.98367346938775, "episode/effort/speaker_rel": 1.8526400990873197, "episode/reward/speaker": 0.39268367346938743, "episode/effort/follower_abs": 58.55510204081633, "episode/effort/follower_rel": 1.8996112517763482, "episode/reward/follower": 0.34125510204081655, "episode/effort/mean_joint_abs": 56.26938775510204, "episode/effort/mean_joint_rel": 1.8761256754318325, "episode/reward/joint": 0.36696938775510196, "episode/reward/goal": 0.5673469387755102, "episode/reward/final": 1.0939285714285718}
