{"step/speaker/directive": 0.9829672821509559, "step/speaker/move": 0.7353982978472774, "step/follower/move": 0.7482731101098449, "step/speaker/take": 0.2475689843036786, "step/speaker/reference": 0.01338192419825073, "step/speaker/reference/PCS": 0.012798833819241984, "step/speaker/decline": 0.003650793650793651, "step/follower/wait": 0.004021851164708308, "step/speaker/reference/CSP": 0.0005830903790087463, "episode/outcome/abort": 0.004081632653061225, "episode/step/count": 5.281632653061225, "episode/outcome/success": 0.9959183673469387, "episode/outcome/failure": 0.0, "episode/reward/time": 0.8415510204081602, "episode/effort/speaker_abs": 8.6, "episode/effort/speaker_rel": 1.5143210530965632, "episode/reward/speaker": 0.7419999999999984, "episode/effort/follower_abs": 8.514285714285714, "episode/effort/follower_rel": 1.4965462202196897, "episode/reward/follower": 0.744571428571427, "episode/effort/mean_joint_abs": 8.557142857142857, "episode/effort/mean_joint_rel": 1.5054336366581265, "episode/reward/joint": 0.7432857142857133, "episode/reward/goal": 0.9918367346938776, "episode/reward/final": 1.7842551020408164}
