{"step/speaker/decline": 0.27990835234735595, "step/follower/move": 0.767080757873994, "step/speaker/directive": 0.25038402211623556, "step/speaker/move": 0.13188383016466282, "step/speaker/confirm": 0.43899471566383513, "step/speaker/take": 0.11850019195157242, "step/speaker/reference": 0.030712909872573746, "step/speaker/reference/PCS": 0.004825234789220385, "step/follower/take": 0.04116929522391707, "step/speaker/reference/PSC": 0.0010611797166419014, "step/speaker/reference/CSP": 0.012446220912607468, "step/speaker/reference/SCP": 0.012380274454103984, "episode/outcome/abort": 0.053061224489795916, "episode/step/count": 8.685714285714285, "episode/outcome/success": 0.5142857142857142, "episode/outcome/failure": 0.4326530612244898, "episode/reward/time": 0.7394285714285695, "episode/effort/speaker_abs": 12.56326530612245, "episode/effort/speaker_rel": 1.5445064750260413, "episode/reward/speaker": 0.623102040816326, "episode/effort/follower_abs": 15.902040816326531, "episode/effort/follower_rel": 1.6576694014197393, "episode/reward/follower": 0.522938775510204, "episode/effort/mean_joint_abs": 14.23265306122449, "episode/effort/mean_joint_rel": 1.60108793822289, "episode/reward/joint": 0.5730204081632655, "episode/reward/goal": 0.15510204081632653, "episode/reward/final": 0.8113265306122441}
