{"step/speaker/decline": 0.3282035070276569, "step/follower/move": 0.8570617055934941, "step/speaker/confirm": 0.4199825227577056, "step/speaker/directive": 0.22652858167512382, "step/speaker/move": 0.19991023181429765, "step/speaker/reference": 0.025285388539513867, "step/speaker/reference/PSC": 0.006752445056052428, "step/follower/take": 0.03649345279061371, "step/speaker/reference/PCS": 0.005208835472829103, "step/speaker/take": 0.026618349860826025, "step/speaker/reference/CSP": 0.0064025635010856695, "step/speaker/reference/SCP": 0.006921544509546678, "episode/outcome/abort": 0.3020408163265306, "episode/step/count": 29.253061224489795, "episode/outcome/success": 0.22448979591836735, "episode/outcome/failure": 0.47346938775510206, "episode/reward/time": 0.5612040816326516, "episode/effort/speaker_abs": 39.23673469387755, "episode/effort/speaker_rel": 1.4405284947324084, "episode/reward/speaker": 0.41144897959183646, "episode/effort/follower_abs": 57.79183673469388, "episode/effort/follower_rel": 1.8236037695588299, "episode/reward/follower": 0.13312244897959163, "episode/effort/mean_joint_abs": 48.51428571428571, "episode/effort/mean_joint_rel": 1.6320661321456187, "episode/reward/joint": 0.27228571428571424, "episode/reward/goal": -0.4775510204081633, "episode/reward/final": -0.06080612244897961}
