{"step/speaker/confirm": 0.4162210886036484, "step/follower/move": 0.8919880008445671, "step/speaker/directive": 0.22952974588334826, "step/speaker/take": 0.015431869868464789, "step/speaker/decline": 0.3308358456079544, "step/speaker/move": 0.2140978760148835, "step/follower/take": 0.038944564451715256, "step/speaker/reference": 0.02341331990504894, "step/speaker/reference/PSC": 0.006792859241420379, "step/speaker/reference/PCS": 0.009386708251579008, "step/speaker/reference/SCP": 0.0040640434386317046, "step/speaker/reference/CSP": 0.003169708973417844, "episode/outcome/abort": 0.3142857142857143, "episode/step/count": 40.46122448979592, "episode/outcome/success": 0.1673469387755102, "episode/outcome/failure": 0.5183673469387755, "episode/reward/time": 0.5448112244897948, "episode/effort/speaker_abs": 53.440816326530616, "episode/effort/speaker_rel": 1.3820272480958402, "episode/reward/speaker": 0.39879081632653096, "episode/effort/follower_abs": 80.80816326530612, "episode/effort/follower_rel": 1.9008096950442799, "episode/reward/follower": 0.0909081632653061, "episode/effort/mean_joint_abs": 67.12448979591836, "episode/effort/mean_joint_rel": 1.64141847157006, "episode/reward/joint": 0.24484948979591828, "episode/reward/goal": -0.6, "episode/reward/final": -0.20516964285714293}
