{"step/speaker/silence": 0.503599035376968, "step/follower/move": 0.8150740152957842, "step/speaker/directive": 0.19924780431652023, "step/speaker/move": 0.18448508947938, "step/follower/wait": 0.003417192702906989, "step/speaker/reference": 0.12043547222509175, "step/speaker/reference/PSC": 0.03808247216942635, "step/follower/take": 0.07089045014981446, "step/speaker/confirm": 0.06407205922475923, "step/speaker/decline": 0.11264562885666084, "step/speaker/reference/PCS": 0.033189869960506845, "step/speaker/reference/SCP": 0.02512588208546393, "step/speaker/take": 0.01476271483714027, "step/speaker/reference/CSP": 0.024037248009694593, "episode/outcome/abort": 0.2693877551020408, "episode/outcome/success": 0.19591836734693877, "episode/outcome/failure": 0.5346938775510204, "episode/step/count": 28.485714285714284, "episode/reward/time": 0.5727142857142848, "episode/effort/speaker_abs": 31.632653061224488, "episode/effort/speaker_rel": 1.2198557144372488, "episode/reward/speaker": 0.5255102040816327, "episode/effort/follower_abs": 57.29387755102041, "episode/effort/follower_rel": 1.8428193810410112, "episode/reward/follower": 0.14059183673469394, "episode/effort/mean_joint_abs": 44.46326530612245, "episode/effort/mean_joint_rel": 1.5313375477391291, "episode/reward/joint": 0.33305102040816326, "episode/reward/goal": -0.5265306122448979, "episode/reward/final": -0.07364795918367352}
