{"step/speaker/silence": 0.4956619230958848, "step/follower/move": 0.8227443172155565, "step/speaker/directive": 0.21943529368035275, "step/speaker/move": 0.2149823319161943, "step/speaker/confirm": 0.04662846533409689, "step/speaker/decline": 0.10869518191543907, "step/follower/take": 0.09658118227805973, "step/speaker/reference": 0.1295791359742262, "step/speaker/reference/CSP": 0.01642430466349522, "step/speaker/reference/SCP": 0.015964284213174952, "step/speaker/reference/PCS": 0.049572984337063225, "step/speaker/reference/PSC": 0.04761756276049282, "step/speaker/take": 0.004452961764158474, "step/follower/wait": 0.0034349664407041253, "episode/outcome/abort": 0.4122448979591837, "episode/outcome/success": 0.07346938775510205, "episode/outcome/failure": 0.5142857142857142, "episode/step/count": 46.11020408163265, "episode/reward/time": 0.4812602040816317, "episode/effort/speaker_abs": 50.220408163265304, "episode/effort/speaker_rel": 1.1748467239269595, "episode/reward/speaker": 0.4350204081632655, "episode/effort/follower_abs": 95.0, "episode/effort/follower_rel": 1.9352321812652924, "episode/reward/follower": -0.0687500000000001, "episode/effort/mean_joint_abs": 72.61020408163266, "episode/effort/mean_joint_rel": 1.5550394525961257, "episode/reward/joint": 0.18313520408163264, "episode/reward/goal": -0.7795918367346939, "episode/reward/final": -0.44739413265306155}
