{"step/speaker/silence": 0.4895801475330129, "step/follower/move": 0.7563218878171173, "step/speaker/decline": 0.1525152954779543, "step/speaker/reference": 0.1403285994629901, "step/speaker/reference/CSP": 0.05880976815424274, "step/speaker/directive": 0.1600970299787196, "step/speaker/move": 0.1000584184635173, "step/follower/take": 0.042261844131592015, "step/speaker/reference/SCP": 0.0683823805912641, "step/speaker/take": 0.06003861151520214, "step/speaker/reference/PSC": 0.007535653622088196, "step/speaker/confirm": 0.05747892754732329, "step/speaker/reference/PCS": 0.005600797095394934, "step/follower/wait": 0.0050038170446333715, "episode/outcome/abort": 0.04081632653061224, "episode/step/count": 8.808163265306122, "episode/outcome/success": 0.4122448979591837, "episode/outcome/failure": 0.5469387755102041, "episode/reward/time": 0.7357551020408148, "episode/effort/speaker_abs": 11.16734693877551, "episode/effort/speaker_rel": 1.4312577502739872, "episode/reward/speaker": 0.664979591836734, "episode/effort/follower_abs": 15.955102040816326, "episode/effort/follower_rel": 1.6394293080290117, "episode/reward/follower": 0.52134693877551, "episode/effort/mean_joint_abs": 13.561224489795919, "episode/effort/mean_joint_rel": 1.5353435291514994, "episode/reward/joint": 0.5931632653061227, "episode/reward/goal": -0.02040816326530612, "episode/reward/final": 0.6440510204081633}
