{"step/speaker/directive": 0.9828731021025214, "step/speaker/move": 0.861242021284076, "step/follower/move": 0.931316384733297, "step/speaker/take": 0.12163108081844523, "step/speaker/reference": 0.016434861684496857, "step/speaker/reference/SPC": 0.008800686701413249, "step/speaker/reference/PSC": 0.0067459365141999735, "step/speaker/reference/PCS": 0.0006331364280673036, "step/follower/take": 0.00024009603841536613, "step/speaker/reference/CSP": 0.00025510204081632655, "step/speaker/silence": 0.0006920362129814331, "episode/outcome/abort": 0.08979591836734693, "episode/step/count": 27.244897959183675, "episode/outcome/success": 0.9102040816326531, "episode/outcome/failure": 0.0, "episode/reward/time": 0.6934948979591835, "episode/effort/speaker_abs": 55.13469387755102, "episode/effort/speaker_rel": 2.0206266495895275, "episode/reward/speaker": 0.37973469387755066, "episode/effort/follower_abs": 52.49387755102041, "episode/effort/follower_rel": 1.86335305758184, "episode/reward/follower": 0.4094438775510202, "episode/effort/mean_joint_abs": 53.81428571428572, "episode/effort/mean_joint_rel": 1.9419898535856837, "episode/reward/joint": 0.3945892857142858, "episode/reward/goal": 0.8204081632653061, "episode/reward/final": 1.36445025510204}
