{"step/speaker/directive": 0.9849012340875468, "step/speaker/move": 0.8025893616932454, "step/follower/move": 0.8979255266392736, "step/speaker/take": 0.18231187239430008, "step/speaker/reference": 0.013513657143670933, "step/speaker/reference/SPC": 0.003090297753119403, "step/speaker/reference/PSC": 0.009073280897615894, "step/follower/wait": 0.0018067703271784903, "step/follower/take": 0.0008492188084024819, "step/speaker/reference/PCS": 0.0009419152276295134, "step/speaker/silence": 0.0015851087687822382, "step/speaker/reference/CSP": 0.00040816326530612246, "episode/outcome/abort": 0.07755102040816327, "episode/outcome/success": 0.9224489795918367, "episode/outcome/failure": 0.0, "episode/step/count": 18.453061224489797, "episode/reward/time": 0.7232040816326532, "episode/effort/speaker_abs": 37.2530612244898, "episode/effort/speaker_rel": 2.0151546840961907, "episode/reward/speaker": 0.44120408163265346, "episode/effort/follower_abs": 34.881632653061224, "episode/effort/follower_rel": 1.7983987097037544, "episode/reward/follower": 0.4767755102040821, "episode/effort/mean_joint_abs": 36.06734693877551, "episode/effort/mean_joint_rel": 1.906776696899974, "episode/reward/joint": 0.4589897959183678, "episode/reward/goal": 0.8448979591836735, "episode/reward/final": 1.4359948979591854}
