{"step/speaker/directive": 0.9917411273533724, "step/speaker/move": 0.5789979295081332, "step/follower/move": 0.771289685371318, "step/speaker/take": 0.4127431978452394, "step/speaker/reference": 0.007222267528389977, "step/speaker/reference/PSC": 0.0027877904408516656, "step/speaker/reference/SPC": 0.0034140689242730055, "step/speaker/silence": 0.0010366051182377713, "step/speaker/reference/PCS": 0.0010204081632653062, "step/follower/wait": 0.0008163265306122449, "episode/outcome/abort": 0.012244897959183673, "episode/step/count": 6.346938775510204, "episode/outcome/success": 0.9877551020408163, "episode/outcome/failure": 0.0, "episode/reward/time": 0.8095918367346914, "episode/effort/speaker_abs": 12.755102040816327, "episode/effort/speaker_rel": 2.007661352253189, "episode/reward/speaker": 0.6173469387755094, "episode/effort/follower_abs": 10.685714285714285, "episode/effort/follower_rel": 1.542579370742636, "episode/reward/follower": 0.67942857142857, "episode/effort/mean_joint_abs": 11.720408163265306, "episode/effort/mean_joint_rel": 1.7751203614979127, "episode/reward/joint": 0.6483877551020402, "episode/reward/goal": 0.9755102040816327, "episode/reward/final": 1.7044999999999992}
