{"step/speaker/reference": 0.1640174166179759, "step/speaker/reference/SCP": 0.0068739597645297865, "step/follower/move": 0.7939298457851368, "step/speaker/directive": 0.6036064500910979, "step/speaker/move": 0.6031075838779459, "step/speaker/reference/SPC": 0.02755256326201546, "step/speaker/reference/PCS": 0.10558666652597905, "step/speaker/confirm": 0.13589789531787375, "step/speaker/reference/CPS": 0.020393115954340443, "step/speaker/silence": 0.05333161382105787, "step/follower/take": 0.004648526077097506, "step/speaker/decline": 0.04314662415199471, "step/speaker/reference/PSC": 0.0033560090702947844, "step/follower/wait": 0.0021210535496249783, "step/speaker/reference/CSP": 0.00025510204081632655, "step/speaker/take": 0.0004988662131519275, "episode/outcome/abort": 0.044897959183673466, "episode/step/count": 8.179591836734694, "episode/outcome/success": 0.9428571428571428, "episode/outcome/failure": 0.012244897959183673, "episode/reward/time": 0.7546122448979571, "episode/effort/speaker_abs": 14.820408163265306, "episode/effort/speaker_rel": 1.8564317220566162, "episode/reward/speaker": 0.5553877551020406, "episode/effort/follower_abs": 14.346938775510203, "episode/effort/follower_rel": 1.6018052698015666, "episode/reward/follower": 0.5695918367346936, "episode/effort/mean_joint_abs": 14.583673469387755, "episode/effort/mean_joint_rel": 1.7291184959290924, "episode/reward/joint": 0.5624897959183675, "episode/reward/goal": 0.889795918367347, "episode/reward/final": 1.5483469387755096}
