{"step/speaker/directive": 0.4265178540409712, "step/speaker/move": 0.42054088604150996, "step/follower/move": 0.9151306297856456, "step/speaker/reference": 0.2467033095067937, "step/speaker/reference/SPC": 0.03680037771358528, "step/speaker/reference/CPS": 0.08038661490337284, "step/follower/take": 0.005657881676582519, "step/speaker/take": 0.005976967999461209, "step/speaker/reference/SCP": 0.042131267913363704, "step/speaker/confirm": 0.18103609047673097, "step/speaker/reference/PCS": 0.07398557302034503, "step/speaker/silence": 0.08381672338055514, "step/speaker/reference/CSP": 0.007527198393597585, "step/speaker/reference/PSC": 0.005872277562529215, "step/speaker/decline": 0.061926022594949136, "step/follower/wait": 0.00408216736260448, "episode/outcome/abort": 0.2816326530612245, "episode/step/count": 29.069387755102042, "episode/outcome/success": 0.7020408163265306, "episode/outcome/failure": 0.0163265306122449, "episode/reward/time": 0.5639591836734686, "episode/effort/speaker_abs": 51.53469387755102, "episode/effort/speaker_rel": 1.8259244053161479, "episode/reward/speaker": 0.2269795918367347, "episode/effort/follower_abs": 56.06530612244898, "episode/effort/follower_rel": 1.8472349046010397, "episode/reward/follower": 0.15902040816326526, "episode/effort/mean_joint_abs": 53.8, "episode/effort/mean_joint_rel": 1.8365796549585947, "episode/reward/joint": 0.19300000000000003, "episode/reward/goal": 0.40816326530612246, "episode/reward/final": 0.7866428571428572}
