{"step/speaker/reference": 0.2865124564705615, "step/speaker/reference/SCP": 0.07602402511873517, "step/follower/move": 0.9495981354214674, "step/speaker/directive": 0.34973621837351604, "step/speaker/move": 0.3374616625650905, "step/speaker/confirm": 0.1487142176635921, "step/speaker/reference/CPS": 0.12743760087001235, "step/speaker/reference/SPC": 0.022457809085166335, "step/speaker/take": 0.012274555808425411, "step/speaker/decline": 0.0731130266125844, "step/speaker/silence": 0.14192408087974598, "step/speaker/reference/PCS": 0.04909955040950477, "step/speaker/reference/CSP": 0.007278987841513481, "step/speaker/reference/PSC": 0.004214483145629504, "step/follower/take": 0.003123638735135629, "step/follower/wait": 0.004860309758268942, "episode/outcome/abort": 0.5061224489795918, "episode/step/count": 51.542857142857144, "episode/outcome/success": 0.4775510204081633, "episode/outcome/failure": 0.0163265306122449, "episode/reward/time": 0.42014285714285604, "episode/effort/speaker_abs": 88.88163265306123, "episode/effort/speaker_rel": 1.7670780707830156, "episode/reward/speaker": 8.16326530612164e-05, "episode/effort/follower_abs": 100.7673469387755, "episode/effort/follower_rel": 1.908567187048342, "episode/reward/follower": -0.13363265306122452, "episode/effort/mean_joint_abs": 94.82448979591837, "episode/effort/mean_joint_rel": 1.837822628915677, "episode/reward/joint": -0.06677551020408165, "episode/reward/goal": -0.044897959183673466, "episode/reward/final": 0.13178571428571415}
