{"step/speaker/silence": 0.6656769489760868, "step/follower/take": 0.04742949459286616, "step/follower/move": 0.8751308004867523, "step/speaker/directive": 0.14807996663403625, "step/speaker/move": 0.13906988759388428, "step/speaker/reference": 0.09541582264880054, "step/speaker/reference/PCS": 0.0308524600618908, "step/speaker/reference/PSC": 0.030666980108909402, "step/speaker/decline": 0.07521198931252547, "step/speaker/confirm": 0.015615272428550089, "step/speaker/reference/SCP": 0.01856502274296651, "step/speaker/take": 0.009010079040151945, "step/speaker/reference/CSP": 0.015331359735033901, "episode/outcome/abort": 0.15918367346938775, "episode/step/count": 35.13469387755102, "episode/outcome/success": 0.11836734693877551, "episode/outcome/failure": 0.7224489795918367, "episode/reward/time": 0.6047346938775507, "episode/effort/speaker_abs": 27.293877551020408, "episode/effort/speaker_rel": 0.8752868530926464, "episode/reward/speaker": 0.692943877551021, "episode/effort/follower_abs": 70.15102040816326, "episode/effort/follower_rel": 1.8925500847521053, "episode/reward/follower": 0.21080102040816315, "episode/effort/mean_joint_abs": 48.72244897959184, "episode/effort/mean_joint_rel": 1.383918468922376, "episode/reward/joint": 0.45187244897959217, "episode/reward/goal": -0.6571428571428571, "episode/reward/final": -0.12883928571428574}
