{"step/speaker/silence": 0.6669367417074924, "step/follower/take": 0.04888430352463666, "step/follower/move": 0.8349111565256453, "step/speaker/reference": 0.09279946557865137, "step/speaker/reference/PSC": 0.02309409822773936, "step/speaker/directive": 0.14281060550881658, "step/speaker/move": 0.12125205188029935, "step/speaker/decline": 0.07860621882850512, "step/speaker/reference/PCS": 0.021020825409101444, "step/speaker/confirm": 0.0188469683765344, "step/speaker/take": 0.021558553628517156, "step/speaker/reference/CSP": 0.022767057528829654, "step/speaker/reference/SCP": 0.025917484412980894, "episode/outcome/abort": 0.07755102040816327, "episode/outcome/success": 0.2693877551020408, "episode/outcome/failure": 0.6530612244897959, "episode/step/count": 20.620408163265306, "episode/reward/time": 0.6906938775510197, "episode/effort/speaker_abs": 16.86938775510204, "episode/effort/speaker_rel": 0.9527582629910057, "episode/reward/speaker": 0.7469591836734694, "episode/effort/follower_abs": 40.43265306122449, "episode/effort/follower_rel": 1.8164752236252013, "episode/reward/follower": 0.39351020408163256, "episode/effort/mean_joint_abs": 28.651020408163266, "episode/effort/mean_joint_rel": 1.3846167433081027, "episode/reward/joint": 0.5702346938775513, "episode/reward/goal": -0.363265306122449, "episode/reward/final": 0.26719897959183686}
