{"step/speaker/silence": 0.6656416252078405, "step/follower/take": 0.051932494437738626, "step/speaker/decline": 0.10173276454665847, "step/follower/move": 0.729542946109162, "step/speaker/reference": 0.10425311952076338, "step/speaker/reference/SCP": 0.05367617201287507, "step/speaker/directive": 0.1117070597837957, "step/speaker/move": 0.0528343945005662, "step/speaker/take": 0.05887266528322949, "step/speaker/reference/CSP": 0.04643081228495393, "step/speaker/reference/PSC": 0.0014611784563449439, "step/speaker/confirm": 0.016665430940941146, "step/speaker/reference/PCS": 0.0026849567665894196, "episode/outcome/abort": 0.0163265306122449, "episode/step/count": 7.522448979591837, "episode/outcome/success": 0.43673469387755104, "episode/outcome/failure": 0.5469387755102041, "episode/reward/time": 0.774326530612243, "episode/effort/speaker_abs": 7.6938775510204085, "episode/effort/speaker_rel": 1.2081253198547066, "episode/reward/speaker": 0.769183673469386, "episode/effort/follower_abs": 13.575510204081633, "episode/effort/follower_rel": 1.6148833755315406, "episode/reward/follower": 0.5927346938775506, "episode/effort/mean_joint_abs": 10.63469387755102, "episode/effort/mean_joint_rel": 1.4115043476931235, "episode/reward/joint": 0.6809591836734696, "episode/reward/goal": 0.0326530612244898, "episode/reward/final": 0.760295918367347}
