{"step/speaker/directive": 0.9893623383419301, "step/speaker/move": 0.5662421275536516, "step/follower/move": 0.7669396516515363, "step/speaker/take": 0.42312021078827866, "step/speaker/reference": 0.008018614039022202, "step/speaker/reference/PSC": 0.0058679076026014795, "step/speaker/reference/SPC": 0.002150706436420722, "step/speaker/silence": 0.002619047619047619, "episode/outcome/abort": 0.0, "episode/step/count": 6.012244897959183, "episode/outcome/success": 1.0, "episode/outcome/failure": 0.0, "episode/reward/time": 0.8196326530612218, "episode/effort/speaker_abs": 12.073469387755102, "episode/effort/speaker_rel": 2.0071455981660065, "episode/reward/speaker": 0.637795918367346, "episode/effort/follower_abs": 10.024489795918367, "episode/effort/follower_rel": 1.5338793033030726, "episode/reward/follower": 0.6992653061224476, "episode/effort/mean_joint_abs": 11.048979591836735, "episode/effort/mean_joint_rel": 1.7705124507345418, "episode/reward/joint": 0.6685306122448968, "episode/reward/goal": 1.0, "episode/reward/final": 1.7440816326530608}
