{"step/speaker/directive": 0.9720625996591293, "step/speaker/move": 0.7698366845841773, "step/follower/move": 0.8886425098136146, "step/speaker/reference": 0.02574978845401035, "step/speaker/reference/PSC": 0.017423701309195714, "step/speaker/take": 0.20222591507495144, "step/speaker/reference/SPC": 0.005983626350973291, "step/speaker/reference/PCS": 0.0017593704148325996, "step/speaker/silence": 0.002187611886860007, "step/follower/take": 0.000963718820861678, "step/speaker/reference/CPS": 0.0005830903790087463, "episode/outcome/abort": 0.044897959183673466, "episode/step/count": 15.559183673469388, "episode/outcome/success": 0.9551020408163265, "episode/outcome/failure": 0.0, "episode/reward/time": 0.7666122448979594, "episode/effort/speaker_abs": 31.824489795918367, "episode/effort/speaker_rel": 2.0248622191405707, "episode/reward/speaker": 0.5226326530612248, "episode/effort/follower_abs": 29.1265306122449, "episode/effort/follower_rel": 1.7801761760898143, "episode/reward/follower": 0.5631020408163262, "episode/effort/mean_joint_abs": 30.475510204081633, "episode/effort/mean_joint_rel": 1.9025191976151947, "episode/reward/joint": 0.542867346938776, "episode/reward/goal": 0.9102040816326531, "episode/reward/final": 1.5649438775510212}
