{"step/speaker/directive": 0.9610186698050075, "step/speaker/move": 0.8221778454276413, "step/follower/move": 0.9211147216288619, "step/speaker/take": 0.13884082437736645, "step/speaker/reference": 0.0370719583876614, "step/speaker/reference/SPC": 0.02177863901473067, "step/speaker/reference/PSC": 0.013566342868043053, "step/speaker/silence": 0.001909371807330991, "step/speaker/reference/PCS": 0.0014354313153832961, "step/follower/take": 0.001385694408950223, "step/speaker/reference/CSP": 0.0002915451895043732, "episode/outcome/abort": 0.053061224489795916, "episode/step/count": 21.951020408163266, "episode/outcome/success": 0.9469387755102041, "episode/outcome/failure": 0.0, "episode/reward/time": 0.7530510204081626, "episode/effort/speaker_abs": 45.49795918367347, "episode/effort/speaker_rel": 2.0390418039135643, "episode/reward/speaker": 0.48814795918367354, "episode/effort/follower_abs": 41.922448979591834, "episode/effort/follower_rel": 1.8463865264845745, "episode/reward/follower": 0.5283724489795916, "episode/effort/mean_joint_abs": 43.710204081632654, "episode/effort/mean_joint_rel": 1.94271416519907, "episode/reward/joint": 0.5082602040816322, "episode/reward/goal": 0.8938775510204081, "episode/reward/final": 1.5245331632653063}
