{"step/speaker/decline": 0.26415972043847963, "step/follower/move": 0.8207853396306608, "step/speaker/directive": 0.25593979630152036, "step/speaker/move": 0.13263901298259556, "step/speaker/confirm": 0.46133714205408, "step/speaker/reference": 0.018563341205920285, "step/speaker/reference/CSP": 0.008743993197331056, "step/follower/take": 0.008586147490792109, "step/speaker/take": 0.12330078331892447, "step/follower/wait": 0.01486644225184049, "step/speaker/reference/SCP": 0.008097736286977502, "step/speaker/reference/PSC": 0.0007352171637885922, "step/speaker/reference/PCS": 0.000986394557823129, "episode/outcome/abort": 0.14285714285714285, "episode/step/count": 12.19591836734694, "episode/outcome/success": 0.689795918367347, "episode/outcome/failure": 0.1673469387755102, "episode/reward/time": 0.6341224489795907, "episode/effort/speaker_abs": 17.2, "episode/effort/speaker_rel": 1.4707099445888108, "episode/reward/speaker": 0.4840000000000001, "episode/effort/follower_abs": 21.897959183673468, "episode/effort/follower_rel": 1.6673291217336974, "episode/reward/follower": 0.3430612244897958, "episode/effort/mean_joint_abs": 19.548979591836734, "episode/effort/mean_joint_rel": 1.5690195331612538, "episode/reward/joint": 0.41353061224489757, "episode/reward/goal": 0.4163265306122449, "episode/reward/final": 0.9401530612244902}
