{"step/speaker/confirm": 0.45393053701745295, "step/follower/move": 0.8685967978407193, "step/speaker/decline": 0.27650317499628246, "step/speaker/directive": 0.21569703251535946, "step/speaker/move": 0.18687715046013156, "step/speaker/reference": 0.05386925547090555, "step/speaker/reference/PCS": 0.008772430256479358, "step/follower/wait": 0.05287701183647562, "step/follower/take": 0.020183882299420683, "step/speaker/reference/PSC": 0.009791469090694994, "step/speaker/take": 0.02881988205522783, "step/speaker/reference/SCP": 0.01727211465006083, "step/speaker/reference/CSP": 0.01803324147367035, "episode/outcome/abort": 0.3469387755102041, "episode/outcome/success": 0.3469387755102041, "episode/outcome/failure": 0.30612244897959184, "episode/step/count": 33.74285714285714, "episode/reward/time": 0.4938571428571423, "episode/effort/speaker_abs": 47.10612244897959, "episode/effort/speaker_rel": 1.3888356383838494, "episode/reward/speaker": 0.29340816326530617, "episode/effort/follower_abs": 62.089795918367344, "episode/effort/follower_rel": 1.7977452425797003, "episode/reward/follower": 0.06865306122448976, "episode/effort/mean_joint_abs": 54.59795918367347, "episode/effort/mean_joint_rel": 1.5932904404817758, "episode/reward/joint": 0.18103061224489791, "episode/reward/goal": -0.2530612244897959, "episode/reward/final": 0.08438265306122449}
