{"step/speaker/confirm": 0.43119782566552683, "step/follower/move": 0.8823011900349149, "step/speaker/decline": 0.28030862142419083, "step/speaker/directive": 0.23675863407884368, "step/speaker/move": 0.22218814863954447, "step/speaker/reference": 0.051734918831438895, "step/speaker/reference/PSC": 0.013547198250622007, "step/follower/take": 0.023811720334292578, "step/speaker/reference/PCS": 0.015118875554464565, "step/follower/wait": 0.06074781736183648, "step/speaker/take": 0.014570485439299168, "step/speaker/reference/CSP": 0.011955789076716123, "step/speaker/reference/SCP": 0.011113055949636212, "episode/outcome/abort": 0.4530612244897959, "episode/outcome/success": 0.2571428571428571, "episode/outcome/failure": 0.2897959183673469, "episode/step/count": 53.563265306122446, "episode/reward/time": 0.3974132653061219, "episode/effort/speaker_abs": 73.93877551020408, "episode/effort/speaker_rel": 1.380136416467357, "episode/reward/speaker": 0.1681887755102042, "episode/effort/follower_abs": 99.48571428571428, "episode/effort/follower_rel": 1.8360375410727074, "episode/reward/follower": -0.11921428571428579, "episode/effort/mean_joint_abs": 86.71224489795918, "episode/effort/mean_joint_rel": 1.6080869787700307, "episode/reward/joint": 0.024487244897959157, "episode/reward/goal": -0.4489795918367347, "episode/reward/final": -0.23802933673469392}
