{"step/speaker/directive": 0.8896804015336309, "step/speaker/move": 0.7965003728193655, "step/follower/move": 0.8707799211753071, "step/speaker/take": 0.09318002871426578, "step/speaker/reference": 0.10741872383080026, "step/speaker/reference/SPC": 0.05680797650662971, "step/speaker/reference/SCP": 0.03752283866708141, "step/follower/wait": 0.0354278052124674, "step/speaker/reference/PSC": 0.013087908657089139, "step/follower/take": 0.005589834202079101, "step/speaker/decline": 0.002900874635568513, "episode/outcome/abort": 0.04897959183673469, "episode/step/count": 17.808163265306124, "episode/outcome/success": 0.9469387755102041, "episode/outcome/failure": 0.004081632653061225, "episode/reward/time": 0.7996581632653059, "episode/effort/speaker_abs": 36.79183673469388, "episode/effort/speaker_rel": 1.9278068479259596, "episode/reward/speaker": 0.5860918367346939, "episode/effort/follower_abs": 29.60816326530612, "episode/effort/follower_rel": 1.7583293449568518, "episode/reward/follower": 0.6669081632653058, "episode/effort/mean_joint_abs": 33.2, "episode/effort/mean_joint_rel": 1.8430680964414068, "episode/reward/joint": 0.6265000000000002, "episode/reward/goal": 0.8938775510204081, "episode/reward/final": 1.606956632653061}
