{"step/speaker/directive": 0.926507296429739, "step/speaker/move": 0.8025792546543475, "step/follower/move": 0.8577519319357633, "step/speaker/take": 0.12392804177539113, "step/speaker/reference": 0.06940594818761876, "step/speaker/reference/SPC": 0.024642508422125523, "step/follower/wait": 0.01818397186707669, "step/speaker/reference/SCP": 0.01821110383266825, "step/speaker/reference/PSC": 0.026552335932824977, "step/follower/take": 0.003305883757011576, "step/speaker/decline": 0.0040867553826421585, "episode/outcome/abort": 0.00816326530612245, "episode/step/count": 11.261224489795918, "episode/outcome/success": 0.9918367346938776, "episode/outcome/failure": 0.0, "episode/reward/time": 0.8310816326530612, "episode/effort/speaker_abs": 21.62857142857143, "episode/effort/speaker_rel": 1.8236667135029117, "episode/reward/speaker": 0.675571428571428, "episode/effort/follower_abs": 19.122448979591837, "episode/effort/follower_rel": 1.7254215151425614, "episode/reward/follower": 0.7131632653061216, "episode/effort/mean_joint_abs": 20.375510204081632, "episode/effort/mean_joint_rel": 1.7745441143227374, "episode/reward/joint": 0.6943673469387751, "episode/reward/goal": 0.9836734693877551, "episode/reward/final": 1.7463979591836736}
