{"step/speaker/directive": 0.9789245221898283, "step/speaker/move": 0.7329199711852774, "step/follower/move": 0.7539954489954492, "step/speaker/take": 0.24600455100455138, "step/speaker/reference": 0.02107547781017169, "step/speaker/reference/SPC": 0.0011337868480725624, "step/speaker/reference/PSC": 0.016064139941690963, "step/speaker/reference/SCP": 0.003877551020408163, "episode/outcome/abort": 0.0, "episode/step/count": 5.204081632653061, "episode/outcome/success": 1.0, "episode/outcome/failure": 0.0, "episode/reward/time": 0.8438775510204051, "episode/effort/speaker_abs": 8.49795918367347, "episode/effort/speaker_rel": 1.5290663758010707, "episode/reward/speaker": 0.7450612244897947, "episode/effort/follower_abs": 8.408163265306122, "episode/effort/follower_rel": 1.5079908979908985, "episode/reward/follower": 0.7477551020408151, "episode/effort/mean_joint_abs": 8.453061224489796, "episode/effort/mean_joint_rel": 1.5185286368959847, "episode/reward/joint": 0.7464081632653053, "episode/reward/goal": 1.0, "episode/reward/final": 1.7951428571428572}
