{"step/speaker/directive": 0.9835789871504157, "step/speaker/move": 0.7397543461829177, "step/follower/move": 0.7553817082388511, "step/speaker/take": 0.24382464096749823, "step/speaker/reference": 0.01642101284958428, "step/speaker/reference/PSC": 0.008333333333333333, "step/speaker/reference/SCP": 0.001984126984126984, "step/speaker/reference/SPC": 0.00610355253212396, "step/follower/wait": 0.0007936507936507937, "episode/outcome/abort": 0.0, "episode/step/count": 5.690476190476191, "episode/outcome/success": 1.0, "episode/outcome/failure": 0.0, "episode/reward/time": 0.8292857142857124, "episode/effort/speaker_abs": 9.471428571428572, "episode/effort/speaker_rel": 1.5287717309145883, "episode/reward/speaker": 0.7158571428571421, "episode/effort/follower_abs": 9.361904761904762, "episode/effort/follower_rel": 1.5107634164777022, "episode/reward/follower": 0.7191428571428562, "episode/effort/mean_joint_abs": 9.416666666666666, "episode/effort/mean_joint_rel": 1.5197675736961456, "episode/reward/joint": 0.7174999999999992, "episode/reward/goal": 1.0, "episode/reward/final": 1.7733928571428568}
