{"step/speaker/directive": 0.5898418604287741, "step/speaker/move": 0.5371043619540546, "step/follower/move": 0.96183786285606, "step/speaker/reference": 0.4088125456971582, "step/speaker/reference/SCP": 0.14450400520456796, "step/speaker/reference/CPS": 0.0549569365520772, "step/speaker/take": 0.05273749847471947, "step/speaker/reference/PSC": 0.1189407772390247, "step/speaker/reference/SPC": 0.027142857142857153, "step/speaker/confirm": 0.0013455938740680245, "step/speaker/reference/CSP": 0.06326796955863102, "episode/outcome/abort": 0.6408163265306123, "episode/outcome/success": 0.35918367346938773, "episode/outcome/failure": 0.0, "episode/step/count": 58.179591836734694, "episode/reward/time": 0.3454795918367331, "episode/effort/speaker_abs": 143.26938775510203, "episode/effort/speaker_rel": 2.419083483289262, "episode/reward/speaker": -0.6117806122448979, "episode/effort/follower_abs": 114.35918367346939, "episode/effort/follower_rel": 1.92367572571212, "episode/reward/follower": -0.2865408163265313, "episode/effort/mean_joint_abs": 128.81428571428572, "episode/effort/mean_joint_rel": 2.171379604500688, "episode/reward/joint": -0.4491607142857144, "episode/reward/goal": -0.2816326530612245, "episode/reward/final": -0.33347321428571414}
