{"step/speaker/directive": 0.6969332277121935, "step/speaker/move": 0.6092739945511386, "step/follower/move": 0.9356013828271423, "step/speaker/take": 0.08765923316105458, "step/speaker/reference": 0.3004012029842137, "step/speaker/reference/SCP": 0.09055027760319113, "step/speaker/reference/CPS": 0.0464123712625571, "step/speaker/reference/CSP": 0.048957377293416995, "step/speaker/reference/PSC": 0.11325668702913008, "step/speaker/confirm": 0.002665569303592934, "step/speaker/reference/SPC": 0.0012244897959183673, "step/follower/take": 0.0007111935683364255, "episode/outcome/abort": 0.5020408163265306, "episode/outcome/success": 0.49795918367346936, "episode/outcome/failure": 0.0, "episode/step/count": 37.40816326530612, "episode/reward/time": 0.4388775510204065, "episode/effort/speaker_abs": 87.26122448979592, "episode/effort/speaker_rel": 2.3093070653168786, "episode/reward/speaker": -0.3089183673469387, "episode/effort/follower_abs": 72.84489795918367, "episode/effort/follower_rel": 1.873336346359294, "episode/reward/follower": -0.09267346938775499, "episode/effort/mean_joint_abs": 80.0530612244898, "episode/effort/mean_joint_rel": 2.0913217058380895, "episode/reward/joint": -0.20079591836734692, "episode/reward/goal": -0.004081632653061225, "episode/reward/final": 0.1149591836734694}
