{"step/speaker/directive": 0.7329680953507174, "step/speaker/move": 0.4378754837909531, "step/follower/move": 0.8153933226189306, "step/speaker/take": 0.2950926115597641, "step/speaker/reference": 0.2558676494033946, "step/speaker/reference/SCP": 0.08020453607281441, "step/speaker/reference/CSP": 0.03393306240245016, "step/speaker/reference/CPS": 0.062424475617752884, "step/speaker/reference/PSC": 0.07916952088860851, "step/speaker/confirm": 0.011164255245887898, "step/follower/take": 0.00040816326530612246, "step/speaker/reference/SPC": 0.00013605442176870748, "episode/outcome/abort": 0.11020408163265306, "episode/step/count": 9.726530612244899, "episode/outcome/success": 0.889795918367347, "episode/outcome/failure": 0.0, "episode/reward/time": 0.7082040816326514, "episode/effort/speaker_abs": 22.68979591836735, "episode/effort/speaker_rel": 2.2905450310568503, "episode/reward/speaker": 0.3193061224489795, "episode/effort/follower_abs": 17.457142857142856, "episode/effort/follower_rel": 1.6320111350337798, "episode/reward/follower": 0.4762857142857146, "episode/effort/mean_joint_abs": 20.073469387755104, "episode/effort/mean_joint_rel": 1.9612780830453134, "episode/reward/joint": 0.39779591836734685, "episode/reward/goal": 0.7795918367346939, "episode/reward/final": 1.3325918367346932}
