{"step/speaker/silence": 0.7503934425691242, "step/follower/move": 0.8618807929806328, "step/speaker/confirm": 0.0054167469094424285, "step/speaker/decline": 0.04508070877543254, "step/speaker/reference": 0.0761980318182401, "step/speaker/reference/PSC": 0.026028397840731878, "step/speaker/directive": 0.12291106992776073, "step/speaker/move": 0.11632897263583852, "step/follower/wait": 0.0635162115885651, "step/speaker/reference/CSP": 0.011397261321400592, "step/speaker/reference/PCS": 0.024556582148324752, "step/follower/take": 0.02097117682752438, "step/speaker/reference/SCP": 0.014215790507782823, "step/speaker/take": 0.0065820972919222055, "episode/outcome/abort": 0.2653061224489796, "episode/step/count": 39.55102040816327, "episode/outcome/success": 0.12244897959183673, "episode/outcome/failure": 0.6122448979591837, "episode/reward/time": 0.5550510204081622, "episode/effort/speaker_abs": 24.4, "episode/effort/speaker_rel": 0.6680032700932983, "episode/reward/speaker": 0.7254999999999999, "episode/effort/follower_abs": 73.12244897959184, "episode/effort/follower_rel": 1.7866751164438386, "episode/reward/follower": 0.1773724489795918, "episode/effort/mean_joint_abs": 48.76122448979592, "episode/effort/mean_joint_rel": 1.2273391932685687, "episode/reward/joint": 0.4514362244897958, "episode/reward/goal": -0.6816326530612244, "episode/reward/final": -0.1783890306122449}
