{"step/speaker/silence": 0.7531574016322116, "step/follower/move": 0.8407797920303773, "step/speaker/directive": 0.10924801260871332, "step/speaker/move": 0.1003713248528084, "step/speaker/reference": 0.08167758993883803, "step/speaker/reference/CSP": 0.02522790453507749, "step/speaker/reference/SCP": 0.01904446162889422, "step/speaker/confirm": 0.007312159745824553, "step/follower/wait": 0.05592760591373753, "step/speaker/decline": 0.04860483607441203, "step/speaker/reference/PCS": 0.015282286411880446, "step/follower/take": 0.01873807638893444, "step/speaker/reference/PSC": 0.022122937362985845, "step/speaker/take": 0.008876687755904975, "episode/outcome/abort": 0.17959183673469387, "episode/outcome/success": 0.21224489795918366, "episode/outcome/failure": 0.6081632653061224, "episode/step/count": 25.43265306122449, "episode/reward/time": 0.6185102040816319, "episode/effort/speaker_abs": 16.73061224489796, "episode/effort/speaker_rel": 0.7493387067207283, "episode/reward/speaker": 0.7490408163265299, "episode/effort/follower_abs": 46.36326530612245, "episode/effort/follower_rel": 1.7377738132275593, "episode/reward/follower": 0.3045510204081633, "episode/effort/mean_joint_abs": 31.546938775510203, "episode/effort/mean_joint_rel": 1.2435562599741439, "episode/reward/joint": 0.5267959183673467, "episode/reward/goal": -0.4816326530612245, "episode/reward/final": 0.09102040816326534}
