{"step/speaker/silence": 0.7497211607023403, "step/follower/move": 0.7513288996738299, "step/speaker/reference": 0.08759391168978792, "step/speaker/reference/CSP": 0.041309529472794745, "step/speaker/directive": 0.10115947865912828, "step/speaker/take": 0.06158082280531259, "step/speaker/reference/SCP": 0.04066245706534314, "step/speaker/move": 0.03957865585381578, "step/speaker/reference/PCS": 0.0030813271319038837, "step/speaker/decline": 0.06091320405078397, "step/follower/wait": 0.06748951017070848, "step/speaker/confirm": 0.0006122448979591836, "step/follower/take": 0.007359826410403162, "step/speaker/reference/PSC": 0.002540598019746201, "episode/outcome/abort": 0.024489795918367346, "episode/step/count": 8.212244897959184, "episode/outcome/success": 0.4326530612244898, "episode/outcome/failure": 0.5428571428571428, "episode/reward/time": 0.7536326530612226, "episode/effort/speaker_abs": 7.036734693877551, "episode/effort/speaker_rel": 0.9915230463092732, "episode/reward/speaker": 0.788897959183671, "episode/effort/follower_abs": 13.061224489795919, "episode/effort/follower_rel": 1.5247372785788698, "episode/reward/follower": 0.6081632653061217, "episode/effort/mean_joint_abs": 10.048979591836735, "episode/effort/mean_joint_rel": 1.2581301624440724, "episode/reward/joint": 0.698530612244898, "episode/reward/goal": 0.036734693877551024, "episode/reward/final": 0.7628163265306122}
