{"step/speaker/silence": 0.2515890768499894, "step/follower/move": 0.8695968171197413, "step/speaker/directive": 0.6366063694681484, "step/speaker/move": 0.5151556539539331, "step/speaker/confirm": 0.06046924667117523, "step/speaker/reference": 0.05133530701068726, "step/speaker/reference/PSC": 0.030456394756420188, "step/speaker/take": 0.12145071551421553, "step/follower/wait": 0.04212401057719927, "step/speaker/reference/PCS": 0.01914950938200705, "step/follower/take": 0.02703773699090179, "step/speaker/reference/CPS": 0.0015026455026455024, "step/speaker/reference/CSP": 0.00022675736961451246, "episode/outcome/abort": 0.2816326530612245, "episode/step/count": 38.55510204081633, "episode/outcome/success": 0.6693877551020408, "episode/outcome/failure": 0.04897959183673469, "episode/reward/time": 0.5662551020408153, "episode/effort/speaker_abs": 59.44489795918367, "episode/effort/speaker_rel": 1.4735293392547009, "episode/reward/speaker": 0.331244897959184, "episode/effort/follower_abs": 72.18775510204081, "episode/effort/follower_rel": 1.820306845212187, "episode/reward/follower": 0.18788775510204062, "episode/effort/mean_joint_abs": 65.81632653061224, "episode/effort/mean_joint_rel": 1.6469180922334428, "episode/reward/joint": 0.2595663265306123, "episode/reward/goal": 0.3469387755102041, "episode/reward/final": 0.7598494897959186}
