{"step/speaker/silence": 0.2826293602549549, "step/follower/move": 0.8733995721595744, "step/speaker/directive": 0.6023330595330283, "step/speaker/move": 0.4587599128696263, "step/speaker/take": 0.14357314666340218, "step/speaker/confirm": 0.05104141035425302, "step/speaker/reference": 0.0639961698577638, "step/speaker/reference/PSC": 0.04704424085215922, "step/speaker/reference/PCS": 0.012874438488801486, "step/follower/wait": 0.0255637472358651, "step/speaker/reference/CPS": 0.004077490516803083, "step/follower/take": 0.005581146680869039, "episode/outcome/abort": 0.11428571428571428, "episode/step/count": 21.02857142857143, "episode/outcome/success": 0.8244897959183674, "episode/outcome/failure": 0.061224489795918366, "episode/reward/time": 0.6845714285714277, "episode/effort/speaker_abs": 31.26530612244898, "episode/effort/speaker_rel": 1.4036628384186873, "episode/reward/speaker": 0.531020408163265, "episode/effort/follower_abs": 39.077551020408166, "episode/effort/follower_rel": 1.763542584361756, "episode/reward/follower": 0.4138367346938779, "episode/effort/mean_joint_abs": 35.17142857142857, "episode/effort/mean_joint_rel": 1.5836027113902227, "episode/reward/joint": 0.4724285714285714, "episode/reward/goal": 0.6530612244897959, "episode/reward/final": 1.2315612244897958}
