{"step/speaker/silence": 0.20501840596378415, "step/follower/move": 0.7551125331917651, "step/speaker/directive": 0.6463210862100418, "step/speaker/move": 0.30680953033894226, "step/speaker/confirm": 0.0674488453390014, "step/follower/wait": 0.021762540180907532, "step/speaker/take": 0.33951155587109993, "step/speaker/reference": 0.08121166248717268, "step/speaker/reference/PSC": 0.06895116787973932, "step/speaker/reference/CPS": 0.004087511128327455, "step/speaker/reference/PCS": 0.0070391966310333655, "step/follower/take": 0.0029154518950437313, "step/speaker/reference/CSP": 0.0011337868480725624, "episode/outcome/abort": 0.0326530612244898, "episode/step/count": 7.338775510204082, "episode/outcome/success": 0.9428571428571428, "episode/outcome/failure": 0.024489795918367346, "episode/reward/time": 0.7798367346938755, "episode/effort/speaker_abs": 11.322448979591837, "episode/effort/speaker_rel": 1.5431638762731188, "episode/reward/speaker": 0.6603265306122438, "episode/effort/follower_abs": 12.285714285714286, "episode/effort/follower_rel": 1.5189714220686612, "episode/reward/follower": 0.631428571428571, "episode/effort/mean_joint_abs": 11.80408163265306, "episode/effort/mean_joint_rel": 1.5310676491708897, "episode/reward/joint": 0.6458775510204081, "episode/reward/goal": 0.8857142857142857, "episode/reward/final": 1.5985714285714292}
