{"step/speaker/reference": 0.031674840453215884, "step/speaker/reference/PSC": 0.008592841162954596, "step/follower/take": 0.058895085877603594, "step/speaker/confirm": 0.38065741554993415, "step/follower/move": 0.8764994101130456, "step/speaker/decline": 0.3313270022987665, "step/speaker/directive": 0.2563407416980837, "step/speaker/move": 0.23905205838586244, "step/speaker/take": 0.017288683312221224, "step/speaker/reference/PCS": 0.010115861587076004, "step/speaker/reference/CSP": 0.006421439294937911, "step/speaker/reference/SCP": 0.00654469840824737, "episode/outcome/abort": 0.2816326530612245, "episode/step/count": 39.83673469387755, "episode/outcome/success": 0.20408163265306123, "episode/outcome/failure": 0.5142857142857142, "episode/reward/time": 0.5518367346938767, "episode/effort/speaker_abs": 54.04489795918367, "episode/effort/speaker_rel": 1.4164765043192615, "episode/reward/speaker": 0.3919948979591835, "episode/effort/follower_abs": 79.89795918367346, "episode/effort/follower_rel": 1.9296840778589037, "episode/reward/follower": 0.10114795918367338, "episode/effort/mean_joint_abs": 66.97142857142858, "episode/effort/mean_joint_rel": 1.6730802910890823, "episode/reward/joint": 0.24657142857142852, "episode/reward/goal": -0.5428571428571428, "episode/reward/final": -0.14365306122448976}
