{"step/speaker/decline": 0.305019690926417, "step/follower/move": 0.762053023617361, "step/speaker/directive": 0.26187236186984864, "step/speaker/move": 0.15962923530370998, "step/speaker/confirm": 0.40526309628069573, "step/speaker/take": 0.10224312656613849, "step/speaker/reference": 0.027844850923038726, "step/speaker/reference/CSP": 0.008429754215024845, "step/follower/take": 0.04165192353563354, "step/speaker/reference/SCP": 0.01861134663655672, "step/speaker/reference/PSC": 0.0002915451895043732, "step/speaker/reference/PCS": 0.0005122048819527811, "episode/outcome/abort": 0.08979591836734693, "episode/step/count": 10.36734693877551, "episode/outcome/success": 0.49387755102040815, "episode/outcome/failure": 0.4163265306122449, "episode/reward/time": 0.688979591836733, "episode/effort/speaker_abs": 15.289795918367346, "episode/effort/speaker_rel": 1.5869881050968082, "episode/reward/speaker": 0.5413061224489798, "episode/effort/follower_abs": 19.37142857142857, "episode/effort/follower_rel": 1.6490618178416225, "episode/reward/follower": 0.41885714285714304, "episode/effort/mean_joint_abs": 17.33061224489796, "episode/effort/mean_joint_rel": 1.6180249614692137, "episode/reward/joint": 0.48008163265306136, "episode/reward/goal": 0.11836734693877551, "episode/reward/final": 0.7028979591836739}
