{"step/speaker/reference": 0.025882942870142523, "step/speaker/reference/PCS": 0.004385402306562543, "step/follower/take": 0.04756283938771649, "step/speaker/decline": 0.33213599343672534, "step/follower/move": 0.8539304672611209, "step/speaker/directive": 0.2480474818399636, "step/speaker/move": 0.21905278030110253, "step/speaker/confirm": 0.39393358185316907, "step/speaker/take": 0.02899470153886114, "step/speaker/reference/CSP": 0.007648705668670905, "step/speaker/reference/PSC": 0.007084958523493897, "step/speaker/reference/SCP": 0.006763876371415188, "episode/outcome/abort": 0.1673469387755102, "episode/step/count": 24.35918367346939, "episode/outcome/success": 0.2857142857142857, "episode/outcome/failure": 0.5469387755102041, "episode/reward/time": 0.6346122448979583, "episode/effort/speaker_abs": 33.29795918367347, "episode/effort/speaker_rel": 1.4453208597882186, "episode/reward/speaker": 0.500530612244898, "episode/effort/follower_abs": 47.93061224489796, "episode/effort/follower_rel": 1.85054945268539, "episode/reward/follower": 0.28104081632653033, "episode/effort/mean_joint_abs": 40.614285714285714, "episode/effort/mean_joint_rel": 1.647935156236805, "episode/reward/joint": 0.3907857142857145, "episode/reward/goal": -0.34285714285714286, "episode/reward/final": 0.16984183673469394}
