{"step/speaker/directive": 0.9884371207690534, "step/speaker/move": 0.863133182577899, "step/follower/move": 0.8746960618088455, "step/speaker/take": 0.1253039381911548, "step/speaker/reference": 0.011222743176524688, "step/speaker/reference/SPC": 0.00212218220621582, "step/speaker/reference/PSC": 0.007567371937119836, "step/speaker/reference/PCS": 0.0012780869923727067, "step/speaker/reference/CSP": 0.00025510204081632655, "step/speaker/silence": 0.0003401360544217687, "episode/outcome/abort": 0.0, "episode/step/count": 10.261224489795918, "episode/outcome/success": 1.0, "episode/outcome/failure": 0.0, "episode/reward/time": 0.8460816326530612, "episode/effort/speaker_abs": 18.653061224489797, "episode/effort/speaker_rel": 1.7599345946853722, "episode/reward/speaker": 0.7202040816326521, "episode/effort/follower_abs": 18.522448979591836, "episode/effort/follower_rel": 1.749392123617691, "episode/reward/follower": 0.7221632653061216, "episode/effort/mean_joint_abs": 18.587755102040816, "episode/effort/mean_joint_rel": 1.7546633591515317, "episode/reward/joint": 0.7211836734693869, "episode/reward/goal": 1.0, "episode/reward/final": 1.7836326530612248}
