{"step/speaker/directive": 1.0, "step/speaker/move": 0.7577934102934105, "step/follower/move": 0.7577934102934105, "step/speaker/take": 0.24220658970658987, "episode/outcome/abort": 0.0, "episode/step/count": 5.766666666666667, "episode/outcome/success": 1.0, "episode/outcome/failure": 0.0, "episode/reward/time": 0.8269999999999982, "episode/effort/speaker_abs": 9.533333333333333, "episode/effort/speaker_rel": 1.515586820586821, "episode/reward/speaker": 0.7139999999999991, "episode/effort/follower_abs": 9.533333333333333, "episode/effort/follower_rel": 1.515586820586821, "episode/reward/follower": 0.7139999999999991, "episode/effort/mean_joint_abs": 9.533333333333333, "episode/effort/mean_joint_rel": 1.515586820586821, "episode/reward/joint": 0.7139999999999991, "episode/reward/goal": 1.0, "episode/reward/final": 1.7704999999999995}
