{"step/speaker/directive": 0.9952071737786025, "step/speaker/move": 0.7456699649556792, "step/follower/move": 0.7504627911770769, "step/speaker/take": 0.24953720882292363, "step/speaker/reference": 0.00479282622139765, "step/speaker/reference/SPC": 0.0018367346938775511, "step/speaker/reference/PSC": 0.0029560915275200985, "episode/outcome/abort": 0.0, "episode/step/count": 5.09795918367347, "episode/outcome/success": 1.0, "episode/outcome/failure": 0.0, "episode/reward/time": 0.8470612244897929, "episode/effort/speaker_abs": 8.228571428571428, "episode/effort/speaker_rel": 1.505718408575551, "episode/reward/speaker": 0.7531428571428558, "episode/effort/follower_abs": 8.19591836734694, "episode/effort/follower_rel": 1.5009255823541539, "episode/reward/follower": 0.7541224489795906, "episode/effort/mean_joint_abs": 8.212244897959184, "episode/effort/mean_joint_rel": 1.5033219954648525, "episode/reward/joint": 0.7536326530612231, "episode/reward/goal": 1.0, "episode/reward/final": 1.8003469387755107}
