{"step/speaker/directive": 0.9716798597446553, "step/speaker/move": 0.8781431230490183, "step/follower/move": 0.8916680075397194, "step/speaker/take": 0.09353673669563689, "step/speaker/reference": 0.027639868146501, "step/speaker/reference/SPC": 0.020895839836889942, "step/follower/wait": 0.014438112907500663, "step/speaker/reference/PSC": 0.0029403076871629507, "step/speaker/reference/PCS": 0.003576963252833601, "step/speaker/silence": 0.0006802721088435375, "step/follower/take": 0.00027210884353741496, "step/speaker/reference/CSP": 0.00022675736961451246, "episode/outcome/abort": 0.02857142857142857, "episode/step/count": 15.159183673469387, "episode/outcome/success": 0.9673469387755103, "episode/outcome/failure": 0.004081632653061225, "episode/reward/time": 0.8294591836734695, "episode/effort/speaker_abs": 29.036734693877552, "episode/effort/speaker_rel": 1.838984762102166, "episode/reward/speaker": 0.6733367346938773, "episode/effort/follower_abs": 26.191836734693876, "episode/effort/follower_rel": 1.7841523416100513, "episode/reward/follower": 0.705341836734694, "episode/effort/mean_joint_abs": 27.614285714285714, "episode/effort/mean_joint_rel": 1.8115685518561098, "episode/reward/joint": 0.6893392857142855, "episode/reward/goal": 0.9346938775510204, "episode/reward/final": 1.6940931122448966}
