{"step/speaker/silence": 0.7452823320173554, "step/follower/move": 0.7397583765353115, "step/speaker/directive": 0.1031933532656033, "step/speaker/move": 0.09116401806764834, "step/follower/take": 0.10303326014764586, "step/speaker/reference": 0.08525888000798389, "step/speaker/reference/PCS": 0.0213030164164173, "step/speaker/reference/CSP": 0.022776286182187227, "step/speaker/take": 0.012029335197954969, "step/speaker/reference/PSC": 0.018895150346031862, "step/speaker/decline": 0.060964705587662, "step/follower/wait": 0.0389761927775194, "step/speaker/confirm": 0.005300729121394877, "step/speaker/reference/SCP": 0.022284427063347465, "episode/outcome/abort": 0.15918367346938775, "episode/step/count": 23.86530612244898, "episode/outcome/success": 0.22448979591836735, "episode/outcome/failure": 0.6163265306122448, "episode/reward/time": 0.6420204081632647, "episode/effort/speaker_abs": 16.012244897959185, "episode/effort/speaker_rel": 0.8334866328219053, "episode/reward/speaker": 0.7598163265306118, "episode/effort/follower_abs": 47.224489795918366, "episode/effort/follower_rel": 1.7886165335135618, "episode/reward/follower": 0.2916326530612245, "episode/effort/mean_joint_abs": 31.618367346938776, "episode/effort/mean_joint_rel": 1.3110515831677332, "episode/reward/joint": 0.5257244897959181, "episode/reward/goal": -0.46530612244897956, "episode/reward/final": 0.11856632653061216}
