{"step/speaker/silence": 0.7507557026132328, "step/follower/move": 0.7208558187519153, "step/speaker/reference": 0.09833863864908764, "step/speaker/reference/PSC": 0.0026346402696942914, "step/speaker/directive": 0.08323018656508337, "step/speaker/move": 0.028634272638155635, "step/speaker/reference/CSP": 0.05421819865697414, "step/speaker/reference/SCP": 0.03959959069335315, "step/speaker/take": 0.054595913926927774, "step/follower/wait": 0.02781258339955503, "step/speaker/decline": 0.06466269130267223, "step/speaker/confirm": 0.003012780869923727, "step/follower/take": 0.044034515460085674, "step/speaker/reference/PCS": 0.0018862090290661718, "episode/outcome/abort": 0.024489795918367346, "episode/step/count": 7.865306122448979, "episode/outcome/success": 0.46122448979591835, "episode/outcome/failure": 0.5142857142857142, "episode/reward/time": 0.7640408163265284, "episode/effort/speaker_abs": 6.983673469387755, "episode/effort/speaker_rel": 1.086261892336809, "episode/reward/speaker": 0.7904897959183649, "episode/effort/follower_abs": 13.73469387755102, "episode/effort/follower_rel": 1.5738151838840877, "episode/reward/follower": 0.5879591836734689, "episode/effort/mean_joint_abs": 10.359183673469389, "episode/effort/mean_joint_rel": 1.330038538110448, "episode/reward/joint": 0.6892244897959183, "episode/reward/goal": 0.08163265306122448, "episode/reward/final": 0.8082653061224485}
