{"step/speaker/silence": 0.747014563469263, "step/follower/move": 0.7043295131936578, "step/speaker/reference": 0.08052172698727326, "step/speaker/reference/PCS": 0.025513981216268494, "step/speaker/directive": 0.12477050039616855, "step/speaker/move": 0.11798192315783783, "step/follower/take": 0.1656266364704001, "step/speaker/reference/PSC": 0.022941189418114464, "step/follower/wait": 0.033123353779646605, "step/speaker/reference/CSP": 0.01629362326368501, "step/speaker/reference/SCP": 0.015772933089205347, "step/speaker/take": 0.006788577238330703, "step/speaker/decline": 0.04356844283339084, "step/speaker/confirm": 0.004124766313903943, "episode/outcome/abort": 0.24081632653061225, "episode/step/count": 35.3795918367347, "episode/outcome/success": 0.1510204081632653, "episode/outcome/failure": 0.6081632653061224, "episode/reward/time": 0.6019795918367336, "episode/effort/speaker_abs": 22.914285714285715, "episode/effort/speaker_rel": 0.80408495838951, "episode/reward/speaker": 0.7422142857142855, "episode/effort/follower_abs": 74.14285714285714, "episode/effort/follower_rel": 1.9055389357985173, "episode/reward/follower": 0.16589285714285698, "episode/effort/mean_joint_abs": 48.52857142857143, "episode/effort/mean_joint_rel": 1.3548119470940134, "episode/reward/joint": 0.45405357142857117, "episode/reward/goal": -0.6204081632653061, "episode/reward/final": -0.0923915816326531}
