{"step/speaker/silence": 0.4952554734923679, "step/follower/move": 0.9168981593592076, "step/speaker/directive": 0.20465297433551607, "step/speaker/move": 0.1979080522089066, "step/speaker/reference": 0.12818272644896544, "step/speaker/reference/PCS": 0.03909917578019882, "step/speaker/decline": 0.10741864388233732, "step/speaker/reference/PSC": 0.049224500109092593, "step/speaker/confirm": 0.06449018184081297, "step/speaker/reference/CSP": 0.01939153986230805, "step/follower/take": 0.00953117491559834, "step/speaker/reference/SCP": 0.020467510697366003, "step/speaker/take": 0.006744922126609499, "episode/outcome/abort": 0.23673469387755103, "episode/outcome/success": 0.17959183673469387, "episode/outcome/failure": 0.5836734693877551, "episode/step/count": 35.795918367346935, "episode/reward/time": 0.597295918367346, "episode/effort/speaker_abs": 39.142857142857146, "episode/effort/speaker_rel": 1.1228487857825316, "episode/reward/speaker": 0.5596428571428573, "episode/effort/follower_abs": 69.90204081632653, "episode/effort/follower_rel": 1.8623898434652106, "episode/reward/follower": 0.2136020408163262, "episode/effort/mean_joint_abs": 54.522448979591836, "episode/effort/mean_joint_rel": 1.4926193146238695, "episode/reward/joint": 0.3866224489795917, "episode/reward/goal": -0.5510204081632653, "episode/reward/final": -0.05906122448979589}
