{"step/speaker/silence": 0.496154838322419, "step/follower/move": 0.8814830620263364, "step/speaker/decline": 0.1242874938151941, "step/follower/take": 0.014685998306579023, "step/speaker/directive": 0.18710585541922078, "step/speaker/move": 0.16783662336246993, "step/speaker/reference": 0.11294175465834334, "step/speaker/reference/PSC": 0.027004940407599657, "step/speaker/reference/PCS": 0.02945801401710799, "step/speaker/confirm": 0.07951005778482287, "step/speaker/reference/CSP": 0.034252568732278436, "step/speaker/take": 0.019269232056750872, "step/speaker/reference/SCP": 0.022226231501357167, "episode/outcome/abort": 0.12244897959183673, "episode/step/count": 21.13469387755102, "episode/outcome/success": 0.3020408163265306, "episode/outcome/failure": 0.5755102040816327, "episode/reward/time": 0.6829795918367338, "episode/effort/speaker_abs": 23.35918367346939, "episode/effort/speaker_rel": 1.141633644712953, "episode/reward/speaker": 0.6496122448979594, "episode/effort/follower_abs": 40.64081632653061, "episode/effort/follower_rel": 1.8070241189724106, "episode/reward/follower": 0.3903877551020405, "episode/effort/mean_joint_abs": 32.0, "episode/effort/mean_joint_rel": 1.474328881842681, "episode/reward/joint": 0.52, "episode/reward/goal": -0.2693877551020408, "episode/reward/final": 0.33210204081632644}
