{"step/speaker/silence": 0.5050762409236235, "step/follower/move": 0.7939019904969333, "step/speaker/decline": 0.1385461248305081, "step/speaker/reference": 0.12433720203684705, "step/speaker/reference/SCP": 0.06346277453198476, "step/speaker/confirm": 0.08570515652148301, "step/speaker/directive": 0.14633527568753843, "step/speaker/move": 0.08538470328842994, "step/speaker/take": 0.0609505723991083, "step/speaker/reference/CSP": 0.05487301395242829, "step/speaker/reference/PCS": 0.0031053980033571866, "step/follower/take": 0.009057202779474298, "step/speaker/reference/PSC": 0.0028960155490767732, "episode/outcome/abort": 0.024489795918367346, "episode/step/count": 7.681632653061224, "episode/outcome/success": 0.45714285714285713, "episode/outcome/failure": 0.5183673469387755, "episode/reward/time": 0.7695510204081609, "episode/effort/speaker_abs": 9.53061224489796, "episode/effort/speaker_rel": 1.3582632606967113, "episode/reward/speaker": 0.7140816326530597, "episode/effort/follower_abs": 13.518367346938776, "episode/effort/follower_rel": 1.6149755893322895, "episode/reward/follower": 0.5944489795918362, "episode/effort/mean_joint_abs": 11.524489795918367, "episode/effort/mean_joint_rel": 1.4866194250145, "episode/reward/joint": 0.6542653061224494, "episode/reward/goal": 0.10612244897959183, "episode/reward/final": 0.8180306122448987}
