{"step/speaker/directive": 0.6549655960804377, "step/speaker/move": 0.3862469325891146, "step/follower/move": 0.6509289096658996, "step/speaker/take": 0.2687186634913235, "step/speaker/silence": 0.0883923423182241, "step/follower/take": 0.22939788379107814, "step/speaker/confirm": 0.0934089595793171, "step/follower/wait": 0.038933721619620755, "step/speaker/reference": 0.1632331020220211, "step/speaker/reference/PCS": 0.0739061273580572, "step/speaker/reference/SCP": 0.07561276614090971, "step/speaker/reference/CSP": 0.01052576998451, "step/speaker/reference/CPS": 0.002394538560970651, "step/speaker/reference/PSC": 0.0007938999775734469, "episode/outcome/abort": 0.27755102040816326, "episode/step/count": 35.583673469387755, "episode/outcome/success": 0.6816326530612244, "episode/outcome/failure": 0.04081632653061224, "episode/reward/time": 0.5996836734693872, "episode/effort/speaker_abs": 66.5265306122449, "episode/effort/speaker_rel": 1.8879019046371162, "episode/reward/speaker": 0.25157653061224505, "episode/effort/follower_abs": 82.5061224489796, "episode/effort/follower_rel": 1.9900514707050327, "episode/reward/follower": 0.07180612244897962, "episode/effort/mean_joint_abs": 74.51632653061225, "episode/effort/mean_joint_rel": 1.9389766876710752, "episode/reward/joint": 0.1616913265306122, "episode/reward/goal": 0.363265306122449, "episode/reward/final": 0.7439528061224485}
