{"step/speaker/silence": 0.12358840705779478, "step/follower/move": 0.7782398780357965, "step/speaker/directive": 0.6058570454488817, "step/speaker/move": 0.3498099632793509, "step/speaker/take": 0.2560470821695313, "step/speaker/confirm": 0.14019557539965696, "step/speaker/reference": 0.13035897209366595, "step/speaker/reference/CSP": 0.029278487951957335, "step/speaker/reference/PCS": 0.07790600555906678, "step/speaker/reference/SCP": 0.020317335725498993, "step/follower/wait": 0.013615454839944635, "step/speaker/reference/PSC": 0.00013605442176870748, "step/speaker/reference/CPS": 0.0027210884353741495, "episode/outcome/abort": 0.02040816326530612, "episode/step/count": 6.779591836734694, "episode/outcome/success": 0.9795918367346939, "episode/outcome/failure": 0.0, "episode/reward/time": 0.7966122448979566, "episode/effort/speaker_abs": 11.873469387755103, "episode/effort/speaker_rel": 1.7624281614077535, "episode/reward/speaker": 0.6437959183673462, "episode/effort/follower_abs": 11.240816326530613, "episode/effort/follower_rel": 1.556479756071593, "episode/reward/follower": 0.662775510204081, "episode/effort/mean_joint_abs": 11.557142857142857, "episode/effort/mean_joint_rel": 1.659453958739672, "episode/reward/joint": 0.6532857142857146, "episode/reward/goal": 0.9591836734693877, "episode/reward/final": 1.6841326530612242}
