{"step/speaker/directive": 0.6134602295509128, "step/speaker/move": 0.4620677480241933, "step/follower/move": 0.8036445213792325, "step/speaker/silence": 0.15548090582042604, "step/speaker/take": 0.15139248152671897, "step/speaker/confirm": 0.08942534624617808, "step/follower/wait": 0.0330090047571168, "step/speaker/reference": 0.14163351838248342, "step/speaker/reference/PCS": 0.06360295952716787, "step/follower/take": 0.04819427235045426, "step/speaker/reference/SCP": 0.05812070356348572, "step/speaker/reference/CSP": 0.01181312694473611, "step/speaker/reference/CPS": 0.007646048074984867, "step/speaker/reference/PSC": 0.0004506802721088435, "episode/outcome/abort": 0.07346938775510205, "episode/step/count": 16.959183673469386, "episode/outcome/success": 0.8938775510204081, "episode/outcome/failure": 0.0326530612244898, "episode/reward/time": 0.745612244897959, "episode/effort/speaker_abs": 31.379591836734694, "episode/effort/speaker_rel": 1.7629837500102479, "episode/reward/speaker": 0.5293061224489796, "episode/effort/follower_abs": 32.820408163265306, "episode/effort/follower_rel": 1.7518718598098286, "episode/reward/follower": 0.5076938775510205, "episode/effort/mean_joint_abs": 32.1, "episode/effort/mean_joint_rel": 1.7574278049100371, "episode/reward/joint": 0.5185000000000001, "episode/reward/goal": 0.7877551020408163, "episode/reward/final": 1.4198112244897985}
